RowNumber,CustomerId,Surname,CreditScore,Geography,Gender,Age,Tenure,Balance,NumOfProducts,HasCrCard,IsActiveMember,EstimatedSalary,Exited,Complain,Satisfaction Score,Card Type,Point Earned
343984,746667,sdv-pii-x5pxl,554,Germany,Female,52,8,115954.99,3,0,0,165704.39,1,1,5,PLATINUM,913
8060568,14978897,sdv-pii-msthg,461,France,Female,34,6,147743.82,1,1,0,39735.76,0,0,2,PLATINUM,322
705627,7680236,sdv-pii-ocsen,694,Spain,Male,37,8,0.0,2,1,0,61339.79,0,0,3,PLATINUM,457
40431,9990238,sdv-pii-0mhmc,766,Spain,Male,22,2,0.0,2,1,0,29905.11,0,0,1,DIAMOND,386
11283339,5187252,sdv-pii-twsop,850,France,Male,30,8,0.0,2,1,1,116312.97,0,0,5,PLATINUM,254
3290936,15394028,sdv-pii-bj2ub,819,Germany,Male,23,8,104511.97,1,1,0,181278.37,0,0,3,PLATINUM,558
15330934,3430763,sdv-pii-zqmjv,696,Spain,Male,37,10,0.0,1,1,0,93172.41,0,0,1,PLATINUM,551
10434812,7723956,sdv-pii-unesr,763,Spain,Female,36,6,142197.09,2,0,0,19229.12,0,0,4,DIAMOND,586
9655424,1496020,sdv-pii-9g0j4,569,Spain,Male,41,8,0.0,2,1,1,74136.53,0,0,4,PLATINUM,751
3672529,3334120,sdv-pii-dzk0y,646,France,Female,57,10,117318.7,1,0,0,183483.6,1,1,3,GOLD,554
13652292,6324167,sdv-pii-0gnqj,564,France,Female,41,5,131289.07,3,0,0,10807.41,1,1,2,PLATINUM,523
5230807,3512678,sdv-pii-hh4g3,547,Germany,Male,25,2,0.0,2,1,0,16887.28,0,0,1,PLATINUM,247
787196,1350126,sdv-pii-h36hi,647,France,Male,23,8,0.0,1,1,1,2253.08,0,0,4,PLATINUM,576
12789536,8081867,sdv-pii-ud4kx,701,Spain,Female,36,5,0.0,2,1,0,95996.04,0,0,3,GOLD,648
9669114,9029401,sdv-pii-6g3l3,691,France,Male,37,8,114535.31,2,1,0,177984.54,0,0,2,DIAMOND,898
5144384,14843922,sdv-pii-s0quo,772,Spain,Female,24,5,159395.01,1,1,1,191113.47,0,0,3,SILVER,777
8552398,8363052,sdv-pii-knnpz,729,France,Female,29,8,121142.1,2,1,0,39303.62,0,1,3,DIAMOND,336
11072256,14298910,sdv-pii-vo66g,818,Germany,Female,28,1,126831.18,2,0,1,64645.69,0,0,3,DIAMOND,281
13074213,14885352,sdv-pii-cxjg1,613,Spain,Female,24,3,143583.7,1,1,0,45463.18,0,0,2,PLATINUM,905
14156822,5819406,sdv-pii-wnrdp,449,France,Female,73,8,110588.07,3,0,1,68973.31,1,1,3,DIAMOND,778
12975418,12976423,sdv-pii-zceya,659,Germany,Female,44,2,125591.87,3,1,0,155167.24,1,1,5,DIAMOND,871
7258238,10797455,sdv-pii-xb2t5,790,Germany,Female,39,9,98804.07,2,0,1,127378.43,0,0,4,PLATINUM,888
8425899,6286014,sdv-pii-lux7k,675,Germany,Female,65,9,152790.29,2,1,1,75908.93,0,0,3,DIAMOND,271
11788368,2643547,sdv-pii-ziqco,765,France,Female,32,7,0.0,2,1,1,178546.83,0,0,3,GOLD,725
1165528,8749285,sdv-pii-k6zyt,552,Spain,Male,31,10,213.92,2,1,0,34905.57,0,0,3,DIAMOND,812
14170405,16638996,sdv-pii-sudug,598,Spain,Female,50,8,126055.28,1,0,1,131232.64,0,0,1,GOLD,451
13535483,8496656,sdv-pii-v00gn,542,Spain,Female,52,8,132710.18,1,0,0,46195.82,1,1,1,DIAMOND,683
14212079,9769576,sdv-pii-ikcp2,713,Germany,Female,49,10,100686.49,1,0,0,166160.7,1,1,5,DIAMOND,641
10942398,776407,sdv-pii-5fne2,528,Germany,Female,47,7,131597.5,2,0,0,113987.87,0,0,3,PLATINUM,1000
11015055,13030095,sdv-pii-eolu0,675,Germany,Female,49,6,146527.41,2,1,1,154763.97,0,0,5,SILVER,647
7767594,11993559,sdv-pii-3kk9b,698,Germany,Female,64,8,146876.85,1,0,0,170463.48,1,1,3,DIAMOND,714
10951460,1597989,sdv-pii-0r3by,552,France,Male,41,3,88310.77,2,1,1,57128.51,0,0,2,GOLD,758
10694026,15121452,sdv-pii-pym29,515,Spain,Female,38,10,97563.51,1,1,0,175412.1,0,0,3,DIAMOND,877
11392271,15328045,sdv-pii-2q6ve,527,Germany,Female,71,4,101556.69,1,1,1,186742.69,1,1,3,GOLD,675
16697133,14991347,sdv-pii-1yxvh,519,France,Female,34,8,1101.14,2,0,0,136974.04,0,0,2,GOLD,434
11428201,16624734,sdv-pii-9ohx0,638,Spain,Female,45,5,0.0,1,1,0,99882.68,0,0,1,PLATINUM,395
16235712,3100439,sdv-pii-5ys3g,726,Germany,Female,43,6,64415.4,3,0,0,141372.27,1,1,4,DIAMOND,287
2498031,8235740,sdv-pii-lolhy,575,France,Female,49,10,0.0,2,1,0,123676.15,0,0,4,PLATINUM,590
16101137,15456317,sdv-pii-tr1j9,543,France,Female,35,2,611.47,2,1,0,60040.58,1,0,5,SILVER,316
7733154,13673918,sdv-pii-8bz4x,610,Germany,Female,44,8,135061.89,1,1,1,85696.61,0,0,2,DIAMOND,576
7380169,6644532,sdv-pii-ufplx,518,Germany,Female,26,4,955.42,2,0,1,153294.32,0,0,2,DIAMOND,789
10917897,6655605,sdv-pii-dzmdt,558,Germany,Male,55,7,127775.5,3,0,0,171758.62,1,1,4,DIAMOND,810
3669228,1936281,sdv-pii-8k7xm,797,Spain,Male,45,9,0.0,2,1,0,160439.57,0,0,3,PLATINUM,946
5515937,2699652,sdv-pii-8k0io,715,Spain,Female,35,9,0.0,2,0,1,151314.68,0,0,3,GOLD,554
6831637,6935460,sdv-pii-ilg7s,641,France,Male,30,4,0.0,2,1,1,53581.16,0,0,5,GOLD,882
1899067,4080970,sdv-pii-mphbi,514,Germany,Female,30,5,109859.8,1,1,0,107661.64,0,0,5,PLATINUM,275
9443898,15106271,sdv-pii-z09fi,832,Spain,Female,32,9,116968.2,2,1,0,149727.12,0,0,2,DIAMOND,783
10805041,15294508,sdv-pii-hqg4d,516,Germany,Female,47,1,125077.24,1,1,1,98832.21,0,0,3,PLATINUM,1000
12894244,13434687,sdv-pii-xkwok,681,Spain,Male,27,5,190.34,2,1,0,62239.61,0,0,3,GOLD,416
8459457,846392,sdv-pii-e13bd,708,Spain,Female,21,3,0.0,2,1,0,46700.63,0,0,2,SILVER,528
14267944,752005,sdv-pii-68ycf,543,France,Male,30,3,0.0,1,0,0,54510.43,0,0,2,DIAMOND,386
11463407,928547,sdv-pii-5my51,682,Germany,Female,46,1,107763.42,1,1,0,185925.54,0,1,3,DIAMOND,595
7150688,1019300,sdv-pii-jdyjz,688,Spain,Male,42,8,129316.46,2,0,1,74181.0,0,0,2,PLATINUM,498
6248154,4811785,sdv-pii-zp0fu,600,Germany,Female,43,10,153991.95,2,1,0,148221.1,0,0,2,PLATINUM,378
1035801,1381331,sdv-pii-o7rui,484,Spain,Male,67,5,1460.29,2,1,1,37007.09,1,1,3,DIAMOND,844
4808109,16067397,sdv-pii-98nms,795,France,Male,31,9,121747.56,2,0,0,152937.98,0,0,2,SILVER,394
12201861,5767532,sdv-pii-87pau,550,France,Female,22,6,133384.45,1,0,1,153349.59,0,0,5,DIAMOND,337
8753201,15634489,sdv-pii-wfrly,540,France,Male,37,3,511.53,1,0,0,66024.89,1,1,4,PLATINUM,482
3388289,1275176,sdv-pii-5cdfa,562,Germany,Female,38,10,140928.38,3,0,0,80015.01,1,1,1,PLATINUM,291
1170550,11851638,sdv-pii-k83ju,669,Germany,Male,33,5,151567.98,2,1,1,43140.22,0,0,4,DIAMOND,785
12376125,4895661,sdv-pii-eibwd,564,Spain,Male,28,9,124037.18,1,1,0,64319.23,0,0,5,PLATINUM,913
7837094,2559596,sdv-pii-0sp7b,765,France,Female,49,5,123577.39,1,0,1,43189.9,0,0,5,PLATINUM,864
14983512,14421981,sdv-pii-x18wu,634,France,Male,33,0,989.46,2,1,1,151854.07,0,0,3,SILVER,399
2716811,1097074,sdv-pii-xubrm,758,France,Female,33,8,0.0,2,1,1,45861.5,0,0,3,DIAMOND,436
341193,1618663,sdv-pii-hicuh,522,Germany,Female,24,3,117209.81,1,1,0,18993.68,0,0,3,GOLD,939
9430924,11738337,sdv-pii-j73hl,561,France,Male,41,7,346.14,2,1,0,33907.04,0,0,5,SILVER,709
4846833,13463950,sdv-pii-4nynm,735,France,Female,45,5,106131.98,2,1,0,186234.22,0,0,5,GOLD,419
4971477,8692781,sdv-pii-mj7lh,639,Spain,Female,25,5,0.0,2,1,1,123023.25,0,0,4,DIAMOND,930
1384347,8811593,sdv-pii-rakcr,758,Spain,Female,38,8,144413.56,1,1,0,15056.98,1,1,5,PLATINUM,869
16775379,5005353,sdv-pii-tl1k1,755,Spain,Male,25,1,0.0,2,0,0,53407.67,0,0,2,GOLD,274
363561,542120,sdv-pii-24155,575,Spain,Female,25,1,0.0,2,0,1,52897.91,0,0,1,PLATINUM,484
14084390,9655334,sdv-pii-p7hkq,589,Germany,Female,55,8,124003.96,1,0,0,130002.06,1,1,3,DIAMOND,819
6791030,1137675,sdv-pii-iwjdc,656,Spain,Female,55,1,108030.72,1,0,1,146623.65,0,0,3,PLATINUM,333
4645924,13492758,sdv-pii-v5xwi,548,Spain,Male,36,0,120322.82,1,0,0,59566.93,0,0,5,DIAMOND,640
3777297,4069836,sdv-pii-odscl,683,Spain,Male,38,8,136680.01,1,0,1,92645.48,0,0,1,PLATINUM,300
10795538,10710682,sdv-pii-sk8uj,499,Germany,Female,47,5,123342.33,2,0,0,138857.53,0,0,3,PLATINUM,253
11047387,9538701,sdv-pii-li6rt,717,France,Female,34,4,150989.62,1,1,1,156614.6,0,0,4,PLATINUM,271
391778,3324607,sdv-pii-x4n32,555,France,Female,31,9,266.43,2,1,0,26157.03,0,0,5,SILVER,205
1448186,13538648,sdv-pii-y9llo,570,Spain,Male,32,8,158428.46,1,1,1,28133.34,0,0,4,PLATINUM,914
5212897,1198836,sdv-pii-95p1k,685,Germany,Female,53,3,100578.36,1,1,0,67087.75,0,0,5,DIAMOND,830
15874152,893277,sdv-pii-97yrl,766,Spain,Male,20,9,0.0,2,1,0,110234.41,0,0,3,PLATINUM,524
12737654,12975553,sdv-pii-eo8xo,632,France,Male,47,8,0.0,2,1,1,158546.68,0,0,2,SILVER,434
4599177,4473908,sdv-pii-pa4nk,719,Spain,Male,45,5,121415.24,1,0,0,54364.86,1,1,4,PLATINUM,706
1390348,1429711,sdv-pii-q793c,606,France,Male,46,8,0.0,2,0,0,77795.43,0,0,3,SILVER,438
2540350,4060019,sdv-pii-51bjy,489,Spain,Female,28,1,295.73,2,1,1,55778.88,0,0,3,PLATINUM,263
8211908,47302,sdv-pii-anats,604,France,Female,64,10,119960.6,1,1,0,126597.42,1,1,5,DIAMOND,825
7434330,9184881,sdv-pii-y3txm,675,France,Female,35,9,538.13,2,1,1,104095.31,0,0,3,PLATINUM,327
6305343,9240284,sdv-pii-qmdhn,676,Spain,Female,40,3,0.0,2,1,0,30767.76,0,0,4,PLATINUM,879
9603559,7761946,sdv-pii-mgw3h,789,France,Female,65,8,0.0,4,1,0,116533.09,1,1,3,DIAMOND,756
1803026,10244404,sdv-pii-s0kiz,608,Germany,Female,36,5,0.0,2,1,0,135008.41,0,0,2,PLATINUM,582
15506062,3068923,sdv-pii-i3kat,642,Spain,Male,32,5,0.0,1,0,0,54083.23,0,0,2,PLATINUM,761
4739327,11903144,sdv-pii-11mf6,674,France,Male,52,5,532.77,2,1,1,72478.11,0,0,2,SILVER,538
6831179,15781514,sdv-pii-b4bru,583,Spain,Male,38,8,114326.13,1,0,0,64990.69,0,0,5,DIAMOND,478
1587659,13960646,sdv-pii-puni4,630,France,Male,33,5,0.0,2,1,0,80972.67,0,0,3,SILVER,867
6269128,5622367,sdv-pii-igc25,764,Germany,Female,47,5,119749.12,1,0,0,31293.26,1,1,4,PLATINUM,713
1569467,9002107,sdv-pii-ixcm0,556,Germany,Female,37,6,121317.99,3,1,0,165430.03,1,1,4,GOLD,974
13943412,9915473,sdv-pii-t4m1g,761,France,Female,37,9,120073.08,2,1,1,148531.08,0,0,1,PLATINUM,284
3864119,15254967,sdv-pii-4eo3i,575,France,Male,35,6,0.0,2,1,0,72728.91,0,0,2,SILVER,765
5740265,7300201,sdv-pii-hi37f,791,Spain,Male,50,5,125989.23,2,0,0,66091.14,0,0,5,PLATINUM,275
15117501,1228060,sdv-pii-ku587,595,France,Male,52,5,89299.97,2,1,1,28461.96,0,1,2,GOLD,841
9283073,15296342,sdv-pii-o6alk,849,France,Female,26,7,0.0,1,0,1,169240.44,0,0,4,SILVER,383
14397220,8204439,sdv-pii-qtfi1,469,France,Female,41,8,0.0,2,1,0,108192.95,0,0,4,SILVER,509
13713910,5042212,sdv-pii-zdhpe,673,Spain,Male,71,2,133645.8,2,1,0,126310.35,1,0,3,GOLD,843
3496132,14634576,sdv-pii-ovjwa,801,Spain,Male,54,3,1226.71,2,1,1,127694.17,0,0,2,PLATINUM,283
1834147,11142307,sdv-pii-bmjoo,788,Germany,Female,54,8,85821.37,1,1,1,190836.88,0,0,1,DIAMOND,402
15004588,8715842,sdv-pii-5jk0r,756,Spain,Male,33,5,1252.58,2,1,0,44997.97,0,0,4,GOLD,783
14500691,8783276,sdv-pii-ejnih,521,Spain,Female,31,7,0.0,2,1,0,97585.65,0,0,1,DIAMOND,880
420025,14161519,sdv-pii-2qg82,546,Spain,Female,26,1,85938.69,2,1,0,71599.45,0,0,1,PLATINUM,275
15983185,261404,sdv-pii-kajyc,566,Germany,Female,72,8,109290.12,1,0,0,147696.72,1,1,4,SILVER,290
8375603,10504148,sdv-pii-lxn8n,510,Germany,Female,50,6,140963.22,2,0,1,22062.46,1,1,1,DIAMOND,293
16666581,12060404,sdv-pii-fe7bk,799,Spain,Female,41,4,2287.95,2,1,0,11349.1,1,1,5,SILVER,833
12105458,4163374,sdv-pii-84pca,619,Germany,Female,67,8,107742.57,1,1,1,181576.47,1,1,2,DIAMOND,657
5256422,12602434,sdv-pii-ij9re,770,Germany,Female,32,8,0.0,2,0,0,147879.02,0,0,3,DIAMOND,690
14632478,13441165,sdv-pii-oawvy,618,Germany,Male,52,8,133368.51,2,1,1,156938.27,0,0,1,GOLD,406
16273919,13695338,sdv-pii-4tpl8,629,Spain,Male,29,6,0.0,2,1,1,30021.75,0,0,3,DIAMOND,540
3060589,7689957,sdv-pii-jywj4,603,Spain,Male,47,7,0.0,3,0,1,48909.39,1,1,3,DIAMOND,940
14206744,3130006,sdv-pii-fe1mx,616,France,Female,54,5,159554.81,1,0,0,30946.84,1,1,5,PLATINUM,377
984257,3780881,sdv-pii-r4xa8,673,Spain,Male,69,6,0.0,2,0,1,94989.01,0,0,1,SILVER,897
9225553,7220318,sdv-pii-fn8ig,582,Germany,Female,57,1,127185.7,1,0,1,76052.73,1,1,5,PLATINUM,591
15150990,2241135,sdv-pii-rdx7t,543,France,Female,52,8,86467.78,1,0,1,61372.91,1,1,1,GOLD,633
1854442,8148605,sdv-pii-sz84m,659,Spain,Female,46,9,0.0,2,0,0,115604.71,0,0,5,PLATINUM,854
13195667,6814000,sdv-pii-i1rke,829,France,Female,36,5,85902.89,3,0,1,104879.67,1,1,3,SILVER,481
700053,4208366,sdv-pii-wxrbh,543,France,Male,40,2,145130.53,3,1,1,116645.59,1,1,3,PLATINUM,313
6800238,9240169,sdv-pii-z2gcb,710,France,Male,54,9,0.0,2,0,0,37906.58,0,0,2,GOLD,879
4025234,13307024,sdv-pii-a5cu7,699,Spain,Male,25,1,103235.13,2,1,0,95259.56,0,0,4,PLATINUM,493
11042195,3442444,sdv-pii-2seqh,580,Germany,Female,46,4,127256.39,1,1,1,151188.7,0,0,1,PLATINUM,641
10737879,15979355,sdv-pii-89rks,795,France,Female,53,6,105527.35,1,1,0,48346.87,1,1,3,PLATINUM,673
14296472,11883913,sdv-pii-v3v6h,660,Spain,Female,45,9,103360.54,1,0,0,148951.49,1,1,4,DIAMOND,408
12947591,1474878,sdv-pii-jpvkj,564,Germany,Female,51,7,153284.37,2,0,0,125688.51,1,1,4,DIAMOND,282
7558920,14683517,sdv-pii-hcp2z,488,France,Male,45,6,146151.93,2,1,1,67469.75,0,0,4,DIAMOND,413
4737662,1036945,sdv-pii-ylzrb,596,Spain,Male,31,3,0.0,2,0,0,84520.92,0,0,1,GOLD,326
216294,3008509,sdv-pii-qqg2m,485,Spain,Male,45,8,148127.32,3,0,0,134104.44,1,1,1,DIAMOND,419
11234892,7454580,sdv-pii-6kkbb,524,France,Female,64,5,116541.12,1,1,0,87913.67,1,1,4,GOLD,305
4421609,946726,sdv-pii-erl6k,673,France,Female,49,8,120555.09,3,0,0,126634.52,1,1,4,PLATINUM,881
7588759,5807758,sdv-pii-fqwpo,598,Spain,Male,25,9,120902.81,1,0,1,170091.24,0,0,2,DIAMOND,709
9655462,341691,sdv-pii-la8pr,597,Spain,Female,27,6,95233.23,1,0,0,57851.0,0,0,5,DIAMOND,678
3158954,4155685,sdv-pii-g40b9,543,Germany,Male,45,4,125617.19,1,1,0,34654.46,1,1,2,DIAMOND,988
5073834,12319113,sdv-pii-aa7bf,630,France,Female,34,2,0.0,2,1,1,133671.93,0,0,3,SILVER,456
16629090,5954648,sdv-pii-gsjut,615,Germany,Male,21,5,112508.52,1,0,0,86742.13,0,0,1,SILVER,615
11772308,8444835,sdv-pii-gf4ip,657,Germany,Female,41,6,179885.18,3,1,0,33454.21,1,1,4,PLATINUM,980
3874366,9152819,sdv-pii-qncs7,549,Germany,Female,58,5,132669.27,2,0,0,127253.51,0,0,3,DIAMOND,482
10093958,9227672,sdv-pii-56imd,506,France,Male,40,0,120139.79,2,1,0,110689.74,0,0,2,GOLD,316
15364976,4089002,sdv-pii-1dw3d,712,France,Male,64,6,0.0,2,1,0,100650.8,1,1,2,SILVER,611
2100853,3292983,sdv-pii-f4wq6,801,Spain,Female,49,6,89845.1,2,0,1,56593.59,0,0,3,GOLD,483
4897230,6232887,sdv-pii-0wbex,528,Spain,Female,35,1,81269.21,1,1,1,135059.3,0,0,5,GOLD,903
4668599,955199,sdv-pii-smxum,718,Spain,Male,33,4,0.0,2,1,1,48784.43,0,0,1,DIAMOND,489
3789173,12532773,sdv-pii-hzaa5,569,Spain,Female,42,9,149915.51,3,0,1,54170.24,1,1,4,PLATINUM,946
5040536,10599735,sdv-pii-qrl9s,571,France,Female,60,1,138741.42,1,1,1,120231.52,0,0,1,PLATINUM,221
12730376,13834874,sdv-pii-gffpz,797,Spain,Female,23,5,126842.26,2,1,1,164180.4,0,0,4,GOLD,312
2859450,2006779,sdv-pii-2nu3j,590,France,Male,30,8,99352.6,1,0,0,34534.63,0,0,3,PLATINUM,565
3259234,15587929,sdv-pii-6nh8l,691,France,Male,29,5,0.0,2,1,1,50147.62,0,0,4,GOLD,294
14578204,8785013,sdv-pii-mjdqw,563,Germany,Male,43,5,192.24,1,0,1,145120.38,0,0,4,SILVER,891
8851984,6170755,sdv-pii-4npf8,629,Germany,Female,47,5,124720.82,2,0,1,60050.84,0,0,2,GOLD,766
647470,6224421,sdv-pii-cr62g,582,Spain,Male,31,5,95936.18,2,1,1,99421.08,0,0,2,GOLD,991
2536885,1063539,sdv-pii-aky37,831,France,Male,30,8,122640.1,2,1,1,80875.04,0,0,2,SILVER,803
15479091,16769490,sdv-pii-b3jaa,634,Spain,Male,23,3,434.48,1,1,0,74873.63,0,0,1,PLATINUM,823
6002312,12249205,sdv-pii-fon1i,601,Germany,Female,35,3,105621.15,2,1,0,69613.69,0,0,1,DIAMOND,242
1234401,635810,sdv-pii-ys8i2,537,Germany,Female,56,5,125170.99,1,0,0,21303.54,1,1,4,DIAMOND,914
16607507,4711329,sdv-pii-fgcuf,720,France,Female,29,7,129506.13,1,0,1,146398.5,0,0,2,DIAMOND,930
2566815,16403409,sdv-pii-e35nh,625,France,Male,36,5,91236.2,2,0,0,35184.0,0,0,3,DIAMOND,619
5644178,7462661,sdv-pii-1svkt,580,Spain,Male,23,1,990.05,2,1,0,195446.1,0,0,3,DIAMOND,486
7820085,11954045,sdv-pii-m8eg2,529,France,Female,27,7,0.0,2,1,1,99422.61,0,0,5,DIAMOND,514
7196234,1505153,sdv-pii-ci37b,799,Spain,Female,32,8,0.0,2,1,0,71239.51,0,0,3,DIAMOND,853
14239435,12790901,sdv-pii-pwpac,599,Spain,Female,49,8,748.25,2,0,1,134941.93,0,0,4,PLATINUM,891
2575790,11402490,sdv-pii-njove,501,Germany,Female,38,7,141455.66,1,1,0,84551.77,0,0,3,DIAMOND,336
9155075,12489332,sdv-pii-lmikb,547,Spain,Female,44,10,114249.33,2,0,1,58163.89,1,1,2,PLATINUM,869
9433550,5456240,sdv-pii-tbwci,726,Germany,Female,54,8,113886.47,1,0,0,33596.37,0,0,4,DIAMOND,804
13084460,1882290,sdv-pii-nmza1,666,France,Female,67,6,106100.29,1,1,0,181029.19,0,0,2,PLATINUM,513
8201988,15168813,sdv-pii-vy7f9,728,Germany,Female,45,7,140547.8,1,0,0,114408.93,1,1,4,GOLD,754
7082743,1130000,sdv-pii-34qrv,747,France,Female,51,3,140550.71,1,1,1,158274.64,1,1,3,PLATINUM,582
12018529,13748191,sdv-pii-qs32t,536,Spain,Male,30,9,0.0,2,0,0,42698.58,0,0,4,SILVER,284
12831368,4069492,sdv-pii-p3pie,559,France,Female,49,3,132658.87,1,0,0,90811.45,0,0,4,SILVER,613
1587033,13444261,sdv-pii-8tki7,701,Germany,Male,29,9,137822.0,2,1,0,170668.86,0,0,1,PLATINUM,759
3079585,13214523,sdv-pii-z3pea,764,Germany,Female,28,2,78061.24,2,0,0,109642.9,0,0,5,PLATINUM,913
9288056,2812119,sdv-pii-towbl,729,Spain,Female,43,5,129309.47,2,1,0,49971.5,0,0,5,SILVER,234
11539110,6094020,sdv-pii-vpkqp,571,Spain,Male,50,5,127165.89,1,0,0,70761.31,0,0,1,PLATINUM,903
966961,15746802,sdv-pii-2ftzs,534,Spain,Female,32,3,135050.09,1,0,0,85130.89,0,0,2,PLATINUM,383
13494025,13315983,sdv-pii-a22xa,676,France,Male,35,4,1477.96,2,1,0,19442.54,1,1,3,DIAMOND,615
1447965,145548,sdv-pii-jvngw,652,Germany,Female,50,8,129969.88,3,0,0,54923.4,1,1,3,DIAMOND,765
209423,12735756,sdv-pii-fvq81,658,Germany,Female,47,9,127119.43,3,0,0,54740.47,1,1,4,PLATINUM,643
3474332,3357034,sdv-pii-bn6rv,571,France,Male,42,8,128229.07,1,0,0,32015.49,0,0,1,DIAMOND,665
2227648,10135355,sdv-pii-i58rg,658,Spain,Female,51,7,143378.54,1,0,1,67492.09,0,0,3,SILVER,509
12717905,3851057,sdv-pii-2nu6r,499,France,Female,53,2,217.55,2,1,1,102007.39,0,0,4,PLATINUM,455
736161,9877727,sdv-pii-l594w,562,France,Female,38,7,154883.82,1,0,1,9947.71,1,1,2,SILVER,834
7012232,12185704,sdv-pii-jqrjl,549,France,Female,44,4,119387.92,1,0,0,196472.71,0,0,4,PLATINUM,839
16012238,5242901,sdv-pii-id2xv,637,France,Female,47,5,134203.79,3,0,0,161020.26,1,1,4,PLATINUM,863
2450458,12651041,sdv-pii-qhdtz,727,France,Female,32,4,138926.46,2,1,0,78803.17,0,0,1,DIAMOND,302
7832043,6083472,sdv-pii-bme7u,752,Germany,Female,46,5,122355.82,2,1,0,172323.34,1,1,3,PLATINUM,823
8702517,3438058,sdv-pii-az9bl,688,France,Male,54,6,132082.96,2,0,1,11.58,1,1,5,DIAMOND,966
11106599,13280142,sdv-pii-5a7fl,536,Germany,Male,42,8,108526.77,1,1,0,32539.21,1,1,5,DIAMOND,884
16522634,2440107,sdv-pii-sdcvo,592,Germany,Female,53,6,148342.81,3,1,1,59466.32,1,1,4,GOLD,297
14403403,2664894,sdv-pii-dg153,610,Germany,Female,47,10,128827.79,1,1,0,26326.04,1,1,3,SILVER,421
73220,9385595,sdv-pii-a8w0n,575,Spain,Female,34,3,139556.27,1,0,1,145677.93,0,0,3,SILVER,420
1625781,10531735,sdv-pii-a6sjr,572,France,Female,52,5,111117.35,4,1,0,85332.22,1,1,1,DIAMOND,644
13894346,7495267,sdv-pii-zphx0,690,France,Female,32,8,111174.16,2,0,0,138431.13,1,1,2,GOLD,991
11848450,10334164,sdv-pii-9dx76,532,Germany,Female,33,8,130902.12,2,0,1,154124.17,0,0,5,PLATINUM,949
15491335,10343501,sdv-pii-62yc1,498,France,Male,58,6,0.0,4,0,0,139447.76,1,1,3,SILVER,247
2702017,3367,sdv-pii-mgo5i,524,Germany,Male,39,8,85404.43,1,1,1,41172.84,0,0,4,GOLD,406
3662360,503285,sdv-pii-v94wn,535,France,Female,36,9,99038.68,2,1,1,169308.05,1,1,4,PLATINUM,450
1753847,3175211,sdv-pii-l6lle,572,France,Female,34,8,0.0,2,0,0,102018.45,0,0,2,GOLD,765
14063469,10701574,sdv-pii-il8dx,630,France,Female,36,9,131338.78,1,1,1,52222.9,0,0,5,PLATINUM,440
2008374,7850911,sdv-pii-32wcw,647,France,Male,59,8,135485.58,3,0,0,66387.49,1,1,3,DIAMOND,330
9528457,3297018,sdv-pii-lb71v,752,France,Male,51,6,111157.15,4,1,0,103212.17,1,1,4,SILVER,844
4302166,1805889,sdv-pii-8b158,710,Germany,Male,41,8,163459.55,2,0,1,34634.79,1,1,3,GOLD,364
5897189,582489,sdv-pii-j592l,587,Spain,Female,28,2,0.0,2,1,0,149058.32,0,0,4,PLATINUM,289
8498384,6969266,sdv-pii-vwg0w,729,Spain,Male,45,1,1262.84,1,0,0,120173.27,0,0,3,DIAMOND,577
1800278,7319527,sdv-pii-5rlbz,557,Germany,Female,67,8,126288.91,1,0,0,131467.9,0,0,1,SILVER,691
10299817,13192460,sdv-pii-olvfp,486,Spain,Male,32,9,0.0,2,0,1,39228.19,0,0,3,PLATINUM,571
11368490,2869364,sdv-pii-31dma,575,France,Female,68,9,128598.42,4,0,0,146547.63,1,1,5,DIAMOND,953
7521910,10037228,sdv-pii-z9vwn,727,France,Male,37,9,126983.72,2,0,1,8376.94,0,0,2,SILVER,253
7537833,3672383,sdv-pii-5soc9,598,Spain,Female,40,3,0.0,2,0,1,31637.27,0,0,4,SILVER,511
2119281,12783841,sdv-pii-jap31,610,France,Female,41,8,0.0,2,0,1,50034.41,0,0,1,SILVER,965
6144881,1218052,sdv-pii-xiqum,620,Spain,Female,30,5,1105.43,1,1,1,44759.78,0,0,5,GOLD,854
2981521,1479680,sdv-pii-9ckmg,791,Germany,Female,30,4,113475.78,1,1,1,194341.47,0,0,3,SILVER,800
870555,11779761,sdv-pii-xdiyh,660,Spain,Female,26,8,110970.39,2,0,0,37574.99,0,0,2,PLATINUM,417
3160451,5279570,sdv-pii-x1i0p,677,Germany,Male,55,5,113371.17,1,1,1,67006.54,1,1,4,GOLD,456
16118708,2739581,sdv-pii-jf3vx,609,Spain,Female,28,8,1144.06,2,1,1,95837.92,0,0,5,DIAMOND,415
3005095,9455118,sdv-pii-3sv1y,707,France,Male,29,9,1203.59,2,1,0,37043.33,0,0,5,DIAMOND,529
6821644,10785283,sdv-pii-35nzg,801,Spain,Female,28,3,0.0,2,0,0,59797.61,0,0,5,SILVER,240
11728581,3868443,sdv-pii-8oihb,664,France,Female,27,1,0.0,1,0,0,8736.08,0,1,2,PLATINUM,646
4536720,4396566,sdv-pii-mueri,550,Spain,Female,51,8,121073.37,3,1,0,132567.44,1,1,4,SILVER,828
14616665,1164511,sdv-pii-35rp3,692,Germany,Female,44,10,112954.45,1,0,0,37138.05,1,1,1,PLATINUM,946
7960074,3452857,sdv-pii-rr82z,514,Spain,Female,24,9,106981.38,2,0,0,77513.88,0,0,3,PLATINUM,647
626067,8589253,sdv-pii-u4doo,840,Germany,Male,50,9,105442.88,1,1,1,17655.1,1,1,2,PLATINUM,347
5858606,6758664,sdv-pii-xkwp4,716,Spain,Female,37,8,191.15,2,0,1,56660.81,0,0,5,DIAMOND,889
2193047,3727836,sdv-pii-3wd0a,558,Spain,Female,37,9,95733.81,1,1,0,142119.41,0,0,5,PLATINUM,305
1562156,15584390,sdv-pii-b1a3a,730,Germany,Male,51,1,127113.66,2,1,0,161722.84,0,0,3,GOLD,368
6629243,13622419,sdv-pii-eswb8,571,France,Female,40,8,100538.58,1,1,1,50398.03,1,1,3,DIAMOND,889
12222549,16389912,sdv-pii-t80sl,588,Spain,Male,22,1,0.0,2,1,0,76914.98,0,0,1,GOLD,292
9477579,3848581,sdv-pii-iyurz,722,Spain,Female,52,3,90162.67,2,0,1,130875.2,1,1,3,PLATINUM,690
2808922,15448536,sdv-pii-fcrws,783,France,Female,55,6,107867.52,1,0,1,67689.52,0,0,4,DIAMOND,868
13470150,14851871,sdv-pii-66m1u,593,Spain,Female,24,9,342.01,2,1,0,52649.04,0,0,3,DIAMOND,773
4664861,16766780,sdv-pii-hxk0k,621,Spain,Female,35,3,0.0,2,1,0,93322.27,0,0,1,SILVER,231
2598137,3220371,sdv-pii-q2bpf,786,Germany,Female,27,5,121916.58,2,0,0,99672.56,0,0,3,DIAMOND,259
1531833,11435068,sdv-pii-d2iwt,456,Germany,Female,45,8,149894.7,2,0,0,157029.69,1,1,3,PLATINUM,737
7163678,5342662,sdv-pii-qhz36,582,France,Male,24,4,0.0,1,0,0,125086.0,0,0,5,DIAMOND,831
6139824,3238833,sdv-pii-9qycp,719,Germany,Female,39,1,116508.17,3,0,1,185763.01,1,1,3,SILVER,500
14563346,916803,sdv-pii-edciu,527,France,Male,39,1,122309.7,1,0,0,100050.2,1,1,4,PLATINUM,588
4786422,14167077,sdv-pii-cppwc,520,Spain,Male,53,5,1000.42,1,1,0,48602.04,1,1,5,PLATINUM,361
1517700,8421883,sdv-pii-akn75,533,France,Female,26,2,662.22,2,0,1,113267.62,0,0,5,PLATINUM,814
9246390,7050481,sdv-pii-q8nk4,656,Germany,Female,43,8,153606.42,4,1,0,177040.53,1,1,3,DIAMOND,453
13524308,16399331,sdv-pii-qx9n4,751,Germany,Male,61,3,106457.19,1,0,0,40949.75,0,0,3,DIAMOND,841
2045838,9733762,sdv-pii-rat77,541,Spain,Female,28,4,89509.03,1,1,0,160276.24,0,0,5,DIAMOND,559
6211626,1932466,sdv-pii-9z799,719,Spain,Female,33,7,155777.93,2,0,1,113688.01,0,0,4,PLATINUM,283
1188771,4389787,sdv-pii-qcc48,569,Spain,Female,38,5,114785.54,2,0,0,39221.17,1,1,3,DIAMOND,647
5507560,9981151,sdv-pii-g4fua,586,Germany,Female,45,8,76623.97,3,1,0,6511.46,1,1,4,SILVER,355
11791467,2697580,sdv-pii-cuqu5,569,Spain,Male,40,5,168.35,2,1,0,9424.74,0,0,5,GOLD,949
6886632,10012959,sdv-pii-8121x,595,France,Female,47,5,0.0,1,0,0,102429.79,0,0,5,PLATINUM,293
9695186,3604435,sdv-pii-gyjuy,555,Spain,Female,29,3,0.0,2,0,1,158759.67,0,0,3,PLATINUM,541
13601046,11178370,sdv-pii-otl9h,705,Germany,Male,29,4,118877.23,2,1,0,10840.7,0,0,3,GOLD,320
6479143,14622298,sdv-pii-p2m0u,662,France,Female,33,2,0.0,2,1,1,102047.75,0,0,3,SILVER,748
7982654,15500594,sdv-pii-zr0ql,677,France,Female,39,8,0.0,2,0,0,43511.17,0,0,5,PLATINUM,990
6326732,7633130,sdv-pii-cygf0,709,Spain,Female,26,6,308.87,2,0,1,9030.15,0,0,5,DIAMOND,290
4691141,6677956,sdv-pii-wu58c,569,Germany,Female,51,9,131363.77,1,0,0,51304.63,0,0,5,DIAMOND,791
9260102,14328371,sdv-pii-u54ju,542,Germany,Female,48,5,105668.49,3,0,0,86378.65,1,1,3,DIAMOND,554
12721332,11254983,sdv-pii-vb1gt,823,Spain,Female,24,3,0.0,2,1,1,137626.77,0,0,2,DIAMOND,424
7125647,12206602,sdv-pii-oyfvr,768,Germany,Female,57,7,148171.01,1,0,1,138449.73,1,1,4,PLATINUM,271
8298251,6443619,sdv-pii-6my9y,657,France,Male,38,4,0.0,1,1,1,94558.26,0,0,2,PLATINUM,933
9486091,843241,sdv-pii-s5rhn,622,Germany,Female,53,9,111662.82,1,0,0,121518.15,1,1,5,PLATINUM,377
1182324,10930732,sdv-pii-ebv8o,689,Spain,Male,41,10,0.0,2,1,1,59601.52,0,0,3,DIAMOND,617
10599551,306418,sdv-pii-snfkw,540,Germany,Female,39,8,114155.93,3,0,1,93724.73,1,1,4,SILVER,896
12068641,15254861,sdv-pii-n8720,660,Spain,Female,40,8,106308.73,2,1,1,65091.77,0,1,2,DIAMOND,282
2551909,5858953,sdv-pii-qpav3,547,Spain,Male,31,7,680.26,2,0,0,13081.7,0,0,5,DIAMOND,490
4247211,2750026,sdv-pii-38nn0,762,Spain,Male,50,8,1546.13,2,1,0,112839.51,1,1,3,DIAMOND,484
12990083,14418136,sdv-pii-aosug,530,Spain,Female,44,3,174047.37,1,0,1,156421.25,0,0,4,SILVER,610
11662910,3495284,sdv-pii-2s1kh,681,Spain,Male,30,9,140829.59,2,1,0,68721.49,0,0,1,DIAMOND,988
4592959,7230532,sdv-pii-837sn,589,France,Male,35,4,0.0,2,1,1,199992.48,0,0,4,SILVER,255
10449278,1029593,sdv-pii-70jis,556,Spain,Male,31,5,0.0,2,1,1,62776.33,0,0,2,SILVER,370
9404152,2058643,sdv-pii-a5ze8,615,Spain,Male,25,6,0.0,2,1,1,21562.25,0,0,3,GOLD,383
6157822,5360730,sdv-pii-bsunv,687,Spain,Female,34,9,0.0,1,0,1,4872.09,1,0,4,PLATINUM,960
12638231,446824,sdv-pii-zkui7,809,Spain,Male,28,8,0.0,2,0,1,176827.44,0,0,4,PLATINUM,292
10267441,2145544,sdv-pii-5nltk,671,Spain,Female,54,10,418.47,2,0,1,171624.48,1,1,3,DIAMOND,909
3439478,3038153,sdv-pii-ywq5q,570,France,Male,45,6,0.0,2,0,0,64861.33,0,0,2,PLATINUM,920
12649777,8259639,sdv-pii-maz7u,659,Spain,Female,30,9,0.0,2,1,0,87340.62,0,0,1,SILVER,249
15143133,10432795,sdv-pii-agduz,762,Spain,Male,42,5,116790.3,2,0,0,61435.33,0,0,3,DIAMOND,491
3562869,13202642,sdv-pii-v1ulh,552,France,Male,47,8,103047.8,2,1,1,87299.96,0,0,5,GOLD,607
11964,3755760,sdv-pii-cybdf,808,Spain,Male,27,5,0.0,1,0,1,67713.07,0,0,2,SILVER,639
7518344,4057211,sdv-pii-1x1dx,731,Spain,Female,51,6,0.0,3,1,0,192475.85,1,1,2,PLATINUM,817
15285161,6484850,sdv-pii-ws664,565,Spain,Male,39,7,110350.84,1,1,1,147992.11,0,0,2,DIAMOND,655
15377975,11966019,sdv-pii-4oduq,618,France,Male,58,10,129938.69,3,1,0,42784.14,1,1,3,PLATINUM,281
9870993,12827925,sdv-pii-kv2w1,616,France,Female,27,8,1754.55,2,1,1,195124.56,0,0,4,DIAMOND,783
13775752,175063,sdv-pii-upsyy,779,France,Male,29,4,95.85,1,1,0,158024.67,0,0,1,PLATINUM,316
9444706,1956483,sdv-pii-clmqm,808,Germany,Female,35,5,134453.7,2,1,0,48426.52,0,0,4,PLATINUM,958
10660117,1736337,sdv-pii-wd8ca,522,France,Male,37,5,151784.34,3,0,0,37725.74,1,1,5,PLATINUM,944
38091,14769350,sdv-pii-363tt,476,Spain,Male,29,10,115964.09,2,0,0,69152.23,0,0,3,DIAMOND,887
1767260,9887351,sdv-pii-4s3kb,571,France,Male,51,2,163202.74,1,1,1,114627.6,0,0,2,DIAMOND,607
9949508,4477890,sdv-pii-q7jsf,524,Germany,Female,36,3,121347.45,2,1,1,63646.91,0,0,3,PLATINUM,803
16486418,4696565,sdv-pii-y9zqh,592,Germany,Female,44,7,91377.69,1,1,1,45716.03,1,1,3,PLATINUM,574
2681307,15010611,sdv-pii-bxo87,516,Germany,Male,52,5,141694.57,2,0,0,46416.13,0,0,1,PLATINUM,770
2398787,4126619,sdv-pii-x8dyd,568,Spain,Female,40,8,115857.55,2,0,0,5232.4,0,0,1,GOLD,521
11452620,1505901,sdv-pii-go4xg,804,France,Female,70,7,112432.05,1,0,0,71094.36,1,1,2,DIAMOND,767
1754530,5315147,sdv-pii-39608,706,France,Female,44,10,95425.77,3,1,0,107082.13,1,1,4,DIAMOND,679
7897085,11440275,sdv-pii-qe6np,746,Spain,Male,33,5,567.12,2,1,0,141165.34,0,0,2,GOLD,237
3623578,3029160,sdv-pii-r3kmv,667,Germany,Male,59,9,140340.31,2,0,1,35420.77,0,0,2,DIAMOND,458
14185912,6204991,sdv-pii-7h3vk,584,Spain,Male,43,8,95091.94,1,0,0,63433.25,1,1,4,DIAMOND,438
8777878,6759251,sdv-pii-ohrli,558,France,Female,32,1,550.89,2,0,0,42877.94,0,0,5,DIAMOND,321
14701625,12569164,sdv-pii-4ii8q,761,France,Female,55,3,127806.3,1,1,0,112259.16,1,1,3,SILVER,866
16587211,8305048,sdv-pii-itxpk,607,France,Male,34,5,0.0,2,0,1,36189.92,0,0,2,PLATINUM,601
9011301,11858718,sdv-pii-ljpme,717,France,Male,23,3,1095.49,2,1,0,9171.41,0,0,4,DIAMOND,837
4238648,16774965,sdv-pii-jjerl,762,Spain,Female,26,6,0.0,2,1,0,83247.59,0,0,3,PLATINUM,826
14842433,608892,sdv-pii-qjc41,622,Spain,Female,29,3,1053.62,1,1,1,120864.8,0,0,5,PLATINUM,530
12899861,15376579,sdv-pii-boa71,610,France,Female,43,9,141.04,2,1,1,50020.19,0,0,5,PLATINUM,855
7562246,10262571,sdv-pii-vg216,673,Spain,Male,47,5,68168.17,1,0,0,86438.59,1,1,4,PLATINUM,276
11265242,9688613,sdv-pii-kgahu,476,France,Male,25,6,796.05,2,1,1,53829.0,0,0,2,SILVER,360
2858283,5034046,sdv-pii-lrfk1,850,France,Female,44,5,194.76,2,0,1,64986.38,0,0,4,PLATINUM,895
3571188,9085721,sdv-pii-7ofwj,758,Spain,Female,31,9,110897.56,2,0,0,55341.3,0,0,3,DIAMOND,398
2674278,6226140,sdv-pii-2mcpg,580,Spain,Male,51,4,105716.47,2,1,0,15626.14,1,0,2,GOLD,287
16383125,5933570,sdv-pii-mundh,676,Spain,Male,62,6,819.59,2,0,1,96427.37,1,0,3,PLATINUM,313
11005625,15208389,sdv-pii-4kxb8,641,Spain,Female,33,4,124370.16,1,0,0,22422.05,0,0,1,SILVER,762
973471,1927485,sdv-pii-wkx0l,601,France,Female,31,3,108053.71,1,1,0,47721.26,1,0,3,PLATINUM,304
15351564,11911262,sdv-pii-buyak,512,Germany,Female,39,2,148899.47,1,0,0,149953.22,0,0,3,DIAMOND,360
1617462,7477931,sdv-pii-vq51l,496,Germany,Female,40,1,120531.86,1,1,1,41205.21,0,1,2,DIAMOND,742
10130206,1859596,sdv-pii-yep1s,531,France,Female,36,7,110403.06,1,0,0,185182.85,0,0,3,PLATINUM,362
8175223,6042614,sdv-pii-dvf8k,778,Germany,Female,23,3,126821.88,2,1,0,40646.29,0,0,2,PLATINUM,865
12431536,9197001,sdv-pii-61gqb,587,Spain,Male,29,9,122760.65,1,1,0,131563.83,0,0,2,GOLD,719
15747118,11711358,sdv-pii-v98es,697,Spain,Female,38,5,703.51,3,1,0,17908.41,1,1,3,PLATINUM,603
5843602,358039,sdv-pii-2mvb8,513,France,Male,27,8,126.86,2,0,1,142534.7,0,0,4,PLATINUM,328
10656780,6049811,sdv-pii-jbcw1,584,Spain,Female,62,1,472.82,2,0,0,73125.19,0,0,4,DIAMOND,389
9351509,15015586,sdv-pii-fg9x3,703,France,Female,41,5,131263.98,2,1,1,115250.26,0,0,3,PLATINUM,453
475966,2925145,sdv-pii-rx0rg,850,France,Male,49,6,77347.31,2,1,0,50957.81,0,0,4,PLATINUM,396
8840807,15147235,sdv-pii-wx2ek,612,France,Male,37,5,114308.46,2,1,1,107672.2,1,1,2,PLATINUM,870
11694770,11899371,sdv-pii-aw4gh,579,France,Male,52,10,902.17,1,0,1,93614.49,0,1,2,PLATINUM,617
15817354,177818,sdv-pii-4o844,623,Spain,Female,40,10,0.0,2,0,1,66204.16,0,0,3,DIAMOND,425
5350700,8907363,sdv-pii-cjfmg,500,Spain,Male,26,9,115863.29,2,1,1,129118.98,0,0,5,GOLD,900
11516851,10544151,sdv-pii-kdpno,521,France,Male,33,10,113825.78,2,1,0,38693.49,0,0,3,PLATINUM,844
4287793,15925251,sdv-pii-56axx,680,Spain,Male,24,6,0.0,2,1,0,70615.37,0,0,2,SILVER,757
223030,15168628,sdv-pii-3q369,468,France,Male,38,2,1320.31,4,0,0,72982.07,1,1,4,DIAMOND,409
14627297,16235566,sdv-pii-x6chb,668,Spain,Female,33,9,143510.62,3,0,1,126674.17,1,1,1,DIAMOND,302
9049249,11964601,sdv-pii-x8lgl,795,France,Female,27,1,385.62,2,0,1,194634.25,0,0,3,PLATINUM,852
8412357,12741058,sdv-pii-6jscm,593,Spain,Female,34,8,1031.18,2,1,0,185601.33,0,0,3,DIAMOND,503
2689847,10472538,sdv-pii-zpvcf,696,Germany,Female,51,6,109467.63,4,0,0,123386.25,1,1,3,DIAMOND,715
9071261,2466717,sdv-pii-fef4u,545,Germany,Female,33,8,119595.75,1,1,0,83463.63,0,0,4,GOLD,845
16399651,1527546,sdv-pii-0gdme,600,Germany,Female,41,5,105242.46,2,1,1,50789.74,0,0,3,SILVER,365
11804438,13684250,sdv-pii-do6oa,705,Spain,Male,28,8,557.07,2,1,1,122581.59,0,0,2,DIAMOND,521
3306945,15728467,sdv-pii-tvtln,644,Spain,Female,32,3,0.0,2,0,1,193720.19,0,0,2,PLATINUM,713
2859331,5119336,sdv-pii-a48t6,478,France,Female,55,7,142032.15,1,0,0,21998.58,1,1,4,DIAMOND,823
3567137,1161184,sdv-pii-ddtwh,779,France,Female,49,0,0.0,2,1,0,11234.44,0,0,5,DIAMOND,615
12334536,8399787,sdv-pii-9vppz,549,France,Female,46,9,0.0,2,0,1,60990.08,0,0,4,GOLD,618
3100420,535400,sdv-pii-nu4l7,607,Germany,Male,25,5,0.0,2,0,0,39793.01,0,0,2,DIAMOND,861
12161185,12340053,sdv-pii-pcevs,802,Spain,Male,44,5,162.66,2,1,0,154037.96,0,0,4,DIAMOND,267
3907263,7006121,sdv-pii-qbnk2,717,France,Male,62,3,82606.11,3,0,0,172670.71,1,1,3,PLATINUM,507
5496841,211279,sdv-pii-gwwce,690,Spain,Female,40,1,99992.39,2,0,0,67404.13,0,0,5,PLATINUM,858
8354049,7767982,sdv-pii-w8h3a,668,Germany,Male,50,8,147580.36,3,0,1,14162.22,1,1,2,DIAMOND,914
968659,4641889,sdv-pii-w2nvx,612,France,Male,46,6,137813.88,1,1,0,62049.63,0,1,2,DIAMOND,611
2700912,15102628,sdv-pii-o7ig5,549,Spain,Female,46,9,131289.37,4,1,0,73873.47,1,1,3,DIAMOND,929
12540008,12928089,sdv-pii-rdd1b,779,France,Male,39,5,0.0,2,0,0,20778.54,0,0,3,PLATINUM,796
13797093,14996794,sdv-pii-nh06n,710,Spain,Female,56,6,103.84,1,1,1,12028.9,0,0,3,SILVER,310
13877924,15888291,sdv-pii-d4ij7,639,France,Female,27,5,0.0,2,1,1,108845.77,0,0,2,GOLD,970
8013565,3036463,sdv-pii-0vejl,640,France,Male,31,10,0.0,2,0,0,100817.02,0,0,3,PLATINUM,885
12431538,13419917,sdv-pii-nk43e,631,Spain,Male,33,5,125083.98,2,0,1,56820.33,0,0,3,DIAMOND,451
5093141,16534411,sdv-pii-s4cg7,688,Spain,Male,51,5,0.0,2,0,0,49113.69,0,0,4,PLATINUM,447
11013791,1950406,sdv-pii-phaao,499,France,Female,41,2,131138.8,3,1,0,11.58,1,1,2,PLATINUM,811
16634099,6771011,sdv-pii-szu5j,759,France,Female,23,6,133194.04,1,1,1,66443.54,0,0,5,GOLD,895
5394751,5636579,sdv-pii-u7hwu,677,Spain,Male,40,2,147464.06,2,1,0,42606.29,0,0,3,PLATINUM,802
9129942,4673734,sdv-pii-tcrj7,733,Spain,Male,28,9,0.0,2,1,1,72814.27,0,0,3,PLATINUM,253
14637305,10549576,sdv-pii-b7jwu,761,Spain,Male,37,8,0.0,2,1,1,57485.58,0,0,5,DIAMOND,937
4834748,3630072,sdv-pii-2yjvh,634,France,Female,31,9,0.0,2,1,1,187777.0,0,0,4,PLATINUM,863
6090060,14781999,sdv-pii-y76jd,692,France,Female,41,9,117191.82,1,1,0,37275.78,1,1,3,DIAMOND,884
4615701,15866192,sdv-pii-fua84,648,France,Male,61,5,109909.95,4,1,0,54310.1,1,1,2,GOLD,914
16185759,13578686,sdv-pii-z5kyj,607,France,Female,61,6,0.0,2,0,1,136508.65,0,0,3,PLATINUM,984
15911478,9312526,sdv-pii-drzl8,655,France,Male,51,10,122778.04,2,0,0,10282.69,0,1,3,PLATINUM,296
1488518,15323288,sdv-pii-ds9xf,569,Germany,Female,67,8,129616.47,1,0,1,118695.1,1,1,3,PLATINUM,938
3976790,12111822,sdv-pii-xab1g,802,Spain,Female,45,7,131517.25,1,0,1,185543.57,0,0,4,PLATINUM,309
8598275,15071001,sdv-pii-bndzu,611,France,Female,42,3,0.0,2,0,1,162638.63,0,0,3,DIAMOND,458
4318120,13475606,sdv-pii-gtyn0,625,Germany,Male,51,8,126593.49,1,0,1,17669.58,1,1,4,DIAMOND,271
4841300,3183386,sdv-pii-euoxs,607,Spain,Male,34,9,0.0,2,1,1,106242.02,0,0,5,GOLD,737
373198,9378563,sdv-pii-xxa8c,561,France,Male,43,9,0.0,2,1,1,193520.51,0,0,1,PLATINUM,758
15636556,6728556,sdv-pii-f97dp,699,Germany,Female,53,9,115498.93,3,0,0,160189.77,1,1,1,GOLD,263
4669621,4235606,sdv-pii-bwy5c,651,Spain,Female,72,5,134061.26,1,0,1,99653.63,1,1,3,DIAMOND,335
5960699,5368091,sdv-pii-fnerg,650,France,Female,26,5,122400.23,2,0,1,48894.63,0,0,3,DIAMOND,570
12265095,15666896,sdv-pii-7zour,515,Germany,Female,55,3,67841.38,1,0,0,45560.89,1,1,4,DIAMOND,816
4420190,182797,sdv-pii-a1pyf,795,Spain,Male,26,1,122788.62,1,1,0,70871.9,0,0,4,DIAMOND,417
4284428,1795759,sdv-pii-6i2dy,793,France,Female,62,3,94677.96,1,0,0,153542.7,0,0,5,PLATINUM,437
13285812,10474737,sdv-pii-a2uvz,577,France,Female,26,9,0.0,3,1,0,44807.59,0,0,3,PLATINUM,587
6665744,10775940,sdv-pii-63ni3,561,France,Female,49,8,109556.21,1,0,0,131908.38,1,1,2,GOLD,484
6992895,371457,sdv-pii-dnxy5,610,France,Male,35,3,0.0,2,1,1,102437.13,0,0,3,SILVER,609
8779113,9206390,sdv-pii-evbkl,592,France,Female,40,8,0.0,2,1,0,13059.52,0,0,3,SILVER,445
7702987,506359,sdv-pii-394b4,796,Spain,Male,43,5,113774.85,1,1,1,33180.51,0,0,2,DIAMOND,583
12033742,12072736,sdv-pii-qovco,708,Spain,Male,34,8,0.0,2,0,0,87968.83,0,0,1,PLATINUM,919
11404066,13011254,sdv-pii-2k1dg,712,Spain,Male,25,5,75714.09,2,1,0,168969.88,0,0,3,GOLD,938
13169703,9824158,sdv-pii-uf04s,849,Germany,Male,49,1,146155.77,2,1,1,63587.7,0,0,1,DIAMOND,320
11683430,5322937,sdv-pii-19sp3,759,Germany,Female,20,5,143592.94,1,0,0,99613.64,0,0,2,DIAMOND,310
6566204,15503256,sdv-pii-vtucf,635,Spain,Female,62,5,111569.94,2,0,0,55685.71,1,1,2,DIAMOND,789
2747255,11224349,sdv-pii-ptc29,749,Germany,Female,27,10,466.86,2,1,1,134267.83,0,0,3,GOLD,676
15106817,4203684,sdv-pii-v6g0h,732,Germany,Female,39,3,116140.78,2,0,0,60524.48,0,0,3,DIAMOND,618
3601492,1068165,sdv-pii-24kb7,718,France,Female,53,1,125597.42,2,1,1,113116.4,1,1,3,SILVER,618
16594038,1890164,sdv-pii-qalym,508,France,Male,32,8,0.0,1,1,0,23484.23,0,0,2,PLATINUM,814
13259632,10001152,sdv-pii-ijyit,585,France,Male,38,2,799.9,4,1,0,100981.24,1,1,3,PLATINUM,320
16739939,5874451,sdv-pii-tvnjy,669,Germany,Female,43,9,142940.04,1,0,0,88001.34,0,0,5,DIAMOND,966
11251882,9950526,sdv-pii-0it9n,540,Spain,Male,43,6,153103.73,3,0,0,43778.6,1,1,4,PLATINUM,446
12245805,5743064,sdv-pii-g6utr,544,Germany,Female,52,8,98414.63,1,0,1,45319.21,1,1,5,PLATINUM,628
5106922,15541754,sdv-pii-9d2bf,791,France,Male,38,5,119590.92,2,1,1,130477.94,0,0,2,GOLD,369
12249725,6603766,sdv-pii-tv9ib,798,Spain,Female,34,9,0.0,2,1,1,88678.29,0,0,3,SILVER,476
38894,10159075,sdv-pii-s2apg,509,Germany,Female,27,9,116847.18,1,1,0,164004.96,0,0,4,DIAMOND,635
268040,16434200,sdv-pii-z2w0h,569,France,Male,50,7,102379.24,1,0,1,24947.57,0,0,4,PLATINUM,559
10276683,3636841,sdv-pii-vvrx7,675,Spain,Male,40,6,108982.19,2,1,0,165349.21,0,0,1,PLATINUM,687
172163,14352295,sdv-pii-s7p5a,601,Germany,Female,34,2,125368.33,2,1,1,100129.75,0,0,1,PLATINUM,815
5117322,8059897,sdv-pii-kcwum,702,France,Male,28,5,1180.73,2,0,0,157923.59,0,0,4,GOLD,637
4006918,3171645,sdv-pii-4xogc,555,France,Female,44,9,160794.51,1,0,1,46511.44,1,1,2,DIAMOND,592
1040354,2392700,sdv-pii-9vfqh,616,Spain,Female,28,4,107015.4,2,1,1,141213.95,0,0,4,DIAMOND,366
16530070,16545921,sdv-pii-iuuon,530,France,Female,37,5,145441.26,2,0,1,19320.33,0,0,2,SILVER,857
1829467,2356878,sdv-pii-3319c,665,Germany,Female,53,3,140944.88,1,1,1,136227.06,0,0,3,SILVER,754
15514988,10842135,sdv-pii-asjgs,566,France,Male,51,8,121745.95,1,0,0,110402.99,1,1,4,DIAMOND,553
6330586,2714524,sdv-pii-x3lpe,602,Germany,Male,36,2,135305.56,4,0,1,149639.25,1,1,2,PLATINUM,302
14536951,642212,sdv-pii-x3igw,567,France,Male,46,7,108236.85,2,1,1,48730.28,0,0,2,PLATINUM,840
2232522,15866127,sdv-pii-2wr76,652,Germany,Female,43,4,0.0,2,1,0,160098.3,0,0,2,GOLD,383
14596225,16665541,sdv-pii-sge56,623,France,Male,34,5,0.0,2,1,1,197353.92,0,0,5,SILVER,224
16239965,3651446,sdv-pii-p1ss5,561,Germany,Female,33,0,0.0,2,1,0,45169.14,0,0,5,PLATINUM,584
5392917,3972349,sdv-pii-525wd,572,Germany,Female,33,3,120895.39,1,0,1,19586.66,1,1,5,SILVER,960
9422037,14260811,sdv-pii-cnzda,557,Germany,Female,51,8,133662.56,1,1,0,189805.27,1,1,3,DIAMOND,408
15043674,4195498,sdv-pii-ibri0,574,Germany,Male,30,7,108456.0,1,1,1,99475.56,0,0,3,GOLD,730
9788651,3121914,sdv-pii-u0j26,725,Spain,Male,28,2,68795.81,2,1,0,20467.33,0,0,5,GOLD,456
15249924,1824356,sdv-pii-z4kcq,692,Germany,Female,56,5,95781.85,1,1,0,45284.41,1,1,5,PLATINUM,637
12395319,4180814,sdv-pii-h6u8u,674,France,Female,61,4,141082.82,1,1,1,89930.63,1,1,2,PLATINUM,902
1680799,14280815,sdv-pii-eu22g,546,Germany,Male,53,1,126610.76,1,0,0,42520.02,0,0,1,DIAMOND,822
7154143,15816493,sdv-pii-qb05w,568,France,Female,30,6,121531.74,1,1,1,104102.33,0,0,3,DIAMOND,759
3646919,4076303,sdv-pii-0pkq7,588,France,Male,26,8,0.0,2,0,0,143275.46,0,0,3,SILVER,393
820225,8194700,sdv-pii-d39ic,563,Spain,Male,43,7,131099.34,2,0,0,117666.51,0,0,3,DIAMOND,672
5202723,6492787,sdv-pii-a11ns,676,France,Female,58,5,109237.07,1,1,0,120954.1,1,1,4,PLATINUM,694
14597942,1251318,sdv-pii-p17xa,588,Spain,Male,38,7,0.0,1,0,1,38064.97,0,0,2,PLATINUM,912
11019068,9576497,sdv-pii-trsfj,642,Spain,Male,27,9,93194.79,1,1,1,120135.39,0,0,3,GOLD,831
16570784,1169746,sdv-pii-70dsy,593,Germany,Male,45,4,112314.71,1,1,0,67262.65,0,0,4,PLATINUM,348
6153094,1182361,sdv-pii-ki9ey,760,Germany,Female,24,8,121603.9,2,1,1,90327.18,0,0,1,GOLD,856
4946885,11481491,sdv-pii-ikvy6,520,France,Male,53,2,108546.12,2,1,0,93334.44,0,0,4,GOLD,329
11629760,15008222,sdv-pii-j2mxf,667,Spain,Female,40,3,139167.18,2,0,1,124791.03,0,0,2,DIAMOND,838
1520594,13531033,sdv-pii-rofjc,795,Spain,Male,30,7,132824.48,2,0,1,192858.65,0,0,5,PLATINUM,499
11705802,15675196,sdv-pii-xiuoq,571,Germany,Male,45,6,121483.58,2,1,1,138615.7,1,1,4,DIAMOND,271
1783421,5277753,sdv-pii-sck70,648,Germany,Female,63,5,129851.07,4,1,0,193732.18,1,1,1,PLATINUM,473
1499743,6437670,sdv-pii-au8ay,651,France,Female,41,0,135475.11,1,0,0,48241.59,1,1,3,DIAMOND,609
16232930,3873834,sdv-pii-mvquj,589,France,Female,24,3,76524.08,1,1,0,6892.25,0,0,1,PLATINUM,286
2817839,1382807,sdv-pii-8ljr5,751,France,Male,31,9,0.0,1,1,1,71993.92,0,0,3,PLATINUM,251
10823109,9714882,sdv-pii-7qtv3,698,France,Female,31,1,741.2,1,0,0,142334.73,0,0,5,SILVER,446
4808214,7536821,sdv-pii-5osfq,565,France,Female,36,8,0.0,2,1,0,59233.39,0,0,2,PLATINUM,874
4085879,4009912,sdv-pii-sqhjp,684,France,Male,48,9,112032.62,1,0,0,65008.53,1,1,2,SILVER,693
1080254,5663292,sdv-pii-hplef,722,Germany,Female,44,8,128316.39,2,1,0,129723.52,1,1,4,PLATINUM,549
4136218,11413451,sdv-pii-4g3my,745,Spain,Male,30,3,870.42,2,0,0,6440.74,0,0,5,SILVER,278
289686,2884416,sdv-pii-7i6lf,666,Germany,Female,64,8,97181.33,1,1,1,53877.19,1,1,2,PLATINUM,797
1064258,15544885,sdv-pii-x769n,600,Germany,Female,60,5,61431.5,1,1,1,132692.46,0,0,1,GOLD,283
3480710,791808,sdv-pii-u8hoo,591,Spain,Female,27,10,1452.69,2,0,0,36164.47,0,0,3,DIAMOND,824
876727,9011228,sdv-pii-v3xb9,522,France,Female,58,2,121251.53,3,1,1,30610.17,1,1,4,GOLD,393
1103868,9787221,sdv-pii-ul6ni,612,Germany,Female,25,4,116775.13,2,1,1,39944.88,0,0,4,DIAMOND,717
2976685,9695403,sdv-pii-prapd,551,France,Female,30,8,138426.24,2,1,1,130266.09,0,0,4,PLATINUM,768
7124317,9823714,sdv-pii-v23fm,737,France,Female,47,3,129778.91,2,0,0,167750.1,1,1,2,PLATINUM,560
13828393,8440383,sdv-pii-fxdqt,630,Spain,Female,26,2,0.0,2,0,1,160693.78,0,0,5,SILVER,900
15160741,84628,sdv-pii-qn1h9,563,Germany,Male,52,3,110015.0,1,1,0,84183.08,0,0,5,DIAMOND,814
16311086,8662938,sdv-pii-517b6,653,France,Male,29,5,125793.39,1,1,0,45761.97,0,0,3,SILVER,566
9655776,4762834,sdv-pii-6wfso,675,France,Male,43,10,124958.69,2,0,0,47146.92,0,0,3,DIAMOND,288
5914225,13270803,sdv-pii-6ojc0,739,Germany,Female,44,1,105583.01,2,1,0,104774.93,0,0,2,PLATINUM,686
9920179,13633487,sdv-pii-rvjtw,568,Spain,Male,26,8,106495.73,2,1,0,104945.05,0,0,3,SILVER,894
11028137,750917,sdv-pii-knndv,821,Spain,Male,28,9,0.0,2,1,1,84522.99,0,0,3,GOLD,279
11681464,13074841,sdv-pii-d7axg,692,Spain,Female,48,2,0.0,1,1,0,68050.7,1,1,5,PLATINUM,600
7273179,16365926,sdv-pii-pcuc5,566,Spain,Female,36,1,0.0,2,1,0,94887.25,0,0,3,DIAMOND,307
1132108,7289878,sdv-pii-b0f4p,702,France,Male,30,8,0.0,2,0,0,107044.11,0,0,3,DIAMOND,410
8917149,16508412,sdv-pii-raret,615,France,Female,26,7,0.0,2,0,0,106959.4,0,0,4,DIAMOND,644
5400387,4551031,sdv-pii-xwdps,660,Germany,Male,75,5,129949.54,1,0,1,120365.89,1,1,3,PLATINUM,281
6454672,13446747,sdv-pii-p4aig,549,France,Female,46,9,95171.55,1,0,0,123464.62,1,1,3,GOLD,536
8043289,7067003,sdv-pii-0eze4,591,Spain,Male,27,2,1950.35,2,1,1,71352.63,0,0,3,DIAMOND,263
16192215,9730897,sdv-pii-ol2un,587,Spain,Male,46,10,81218.18,2,1,0,111009.93,0,0,2,GOLD,847
10018973,8861388,sdv-pii-fudin,518,Spain,Male,29,3,389.6,2,0,0,59433.13,0,0,3,DIAMOND,316
14824718,3835065,sdv-pii-rg3i5,543,France,Female,38,8,1118.94,2,0,0,53019.62,0,0,1,PLATINUM,769
15814495,6656728,sdv-pii-dr2j2,747,France,Female,32,4,0.0,2,1,1,91680.76,0,0,2,SILVER,878
11138322,13050904,sdv-pii-ak0ya,733,Spain,Female,27,5,0.0,2,1,1,40304.25,0,0,5,PLATINUM,291
11902733,10859627,sdv-pii-d1iqa,708,Spain,Female,33,6,0.0,2,1,0,171080.11,0,0,3,SILVER,322
12307833,3161854,sdv-pii-is5w2,584,Spain,Male,28,2,125417.35,2,1,1,71221.97,0,0,2,DIAMOND,720
5173115,12892273,sdv-pii-e49jm,841,France,Female,23,7,0.0,1,0,1,31276.79,1,1,2,GOLD,860
3334601,2898845,sdv-pii-0t5pr,547,Spain,Female,37,8,0.0,2,1,0,79521.33,0,0,5,DIAMOND,897
5852074,1461649,sdv-pii-muwe3,674,Germany,Female,26,6,127488.05,1,0,0,124524.27,0,0,5,DIAMOND,511
9954718,11831145,sdv-pii-2m1gj,554,France,Male,45,8,150371.99,4,1,0,168983.44,1,1,5,GOLD,708
9943989,8152760,sdv-pii-kd7u9,552,France,Female,55,8,116747.12,1,0,0,131934.11,0,0,2,PLATINUM,347
10947065,3495905,sdv-pii-i83ac,838,Spain,Male,28,9,131.72,2,1,0,119834.63,0,0,3,DIAMOND,681
3454079,3767484,sdv-pii-lqmsc,583,France,Female,46,6,124614.1,2,1,1,196235.05,1,1,2,SILVER,400
8888643,3673738,sdv-pii-abvdu,789,France,Male,33,8,102078.65,1,1,1,56947.3,0,0,2,SILVER,488
7934883,6331979,sdv-pii-jfr33,529,France,Female,55,5,77864.29,1,0,0,182037.51,0,0,3,PLATINUM,453
88099,4260838,sdv-pii-u1y25,548,Spain,Female,45,6,691.77,2,1,1,76436.08,0,0,1,GOLD,272
14410106,15855383,sdv-pii-a36ae,748,Spain,Female,22,3,0.0,2,0,1,183927.28,0,0,2,GOLD,469
14090768,3152550,sdv-pii-toyyu,796,France,Male,68,8,142654.11,2,0,0,1572.59,0,0,2,SILVER,683
1329681,4457320,sdv-pii-0rcfy,549,France,Female,63,2,129048.96,4,1,1,41016.42,1,1,4,SILVER,793
11451390,2061439,sdv-pii-0anvt,530,Spain,Female,29,3,556.47,2,0,1,96532.48,0,0,2,SILVER,292
11476781,15558080,sdv-pii-adsv4,516,Germany,Male,31,5,135183.2,1,1,0,160277.97,0,0,3,DIAMOND,585
8479179,5813476,sdv-pii-nl2zy,670,France,Female,28,3,0.0,1,1,0,107458.44,0,0,2,PLATINUM,899
7684934,13600193,sdv-pii-zqvrj,720,Germany,Male,44,2,109471.34,1,1,1,61244.4,0,0,3,PLATINUM,622
1026511,3753301,sdv-pii-qdqru,672,France,Female,36,1,0.0,2,0,0,91443.87,0,0,1,PLATINUM,469
12732227,10520316,sdv-pii-55dz3,817,Germany,Female,24,3,136815.36,2,1,1,46121.15,0,0,4,PLATINUM,765
1798447,13062488,sdv-pii-unj9z,704,Germany,Female,40,6,135691.81,3,1,0,71358.27,1,1,4,DIAMOND,593
3108389,3127602,sdv-pii-f8ctw,810,Germany,Female,44,5,112171.82,3,0,0,162947.36,1,1,5,PLATINUM,325
15422174,14019915,sdv-pii-b5jxj,564,Germany,Female,40,5,118049.12,2,1,1,52912.14,0,0,1,DIAMOND,350
14338895,10979501,sdv-pii-wbw2l,806,Spain,Male,39,3,1366.59,1,1,1,68420.5,0,0,2,PLATINUM,448
14294061,13736410,sdv-pii-hk4up,582,Spain,Female,38,6,0.0,2,0,0,11.58,1,1,4,PLATINUM,981
7315240,16191881,sdv-pii-fry0m,654,France,Male,24,3,204.52,2,1,1,136469.79,0,0,5,PLATINUM,776
7653986,5077131,sdv-pii-94htx,603,Germany,Female,32,3,0.0,2,0,1,139147.49,0,0,4,GOLD,819
109130,1021761,sdv-pii-euw2s,658,Germany,Female,22,8,126358.84,2,0,0,154233.24,0,0,3,DIAMOND,451
5454965,145585,sdv-pii-p2188,615,Spain,Male,31,5,806.57,2,1,0,124330.92,0,0,5,GOLD,544
10256091,4162539,sdv-pii-3dm2j,498,France,Male,46,8,0.0,2,0,0,19345.48,1,1,4,DIAMOND,418
9759484,10516559,sdv-pii-os7z4,600,Germany,Female,53,5,159587.69,3,0,1,180550.79,1,1,1,PLATINUM,464
5722057,2410920,sdv-pii-7y97y,593,Spain,Female,20,5,0.0,2,1,1,98979.06,0,0,4,DIAMOND,779
10001496,14615888,sdv-pii-7dyzb,678,Spain,Male,36,6,0.0,2,1,1,140519.45,0,0,3,SILVER,596
4882244,13404703,sdv-pii-22you,572,Spain,Male,39,5,92847.85,2,0,0,59171.78,0,0,3,DIAMOND,695
8076767,1589649,sdv-pii-ookmf,706,France,Female,55,6,102227.24,1,0,0,36572.2,0,0,3,DIAMOND,890
11413861,5870688,sdv-pii-u2fcf,530,France,Male,43,5,130340.1,2,1,0,108219.81,0,0,3,PLATINUM,283
3595995,9680565,sdv-pii-uuopu,658,Germany,Male,37,2,84464.93,2,1,0,167755.68,0,0,4,PLATINUM,365
3662065,12516673,sdv-pii-i5wz6,621,France,Female,32,5,141697.83,2,0,0,121832.88,0,0,3,PLATINUM,528
10448573,543091,sdv-pii-ujtdo,664,Germany,Female,44,8,129766.12,1,0,1,92452.62,0,0,4,PLATINUM,690
2143953,14494552,sdv-pii-rg24n,635,France,Male,43,9,820.02,2,0,1,45318.12,1,1,2,GOLD,610
13921008,5121548,sdv-pii-6kb8l,704,Spain,Female,42,6,115185.1,1,1,0,100995.11,1,1,5,PLATINUM,857
5053726,5603521,sdv-pii-sl20d,806,Spain,Male,57,9,130143.18,2,1,0,191931.42,0,0,3,SILVER,603
8718893,6540674,sdv-pii-bpxvx,485,France,Male,62,5,122797.99,1,0,1,164985.65,1,1,4,PLATINUM,855
9329438,8576882,sdv-pii-sou0o,734,Spain,Female,35,3,117170.75,1,0,1,107791.62,0,0,3,DIAMOND,952
191419,3048416,sdv-pii-3fx78,497,Spain,Female,34,9,1417.62,1,1,0,123887.37,0,0,2,DIAMOND,918
4806976,5488510,sdv-pii-pfchu,521,Spain,Male,24,4,531.06,2,1,0,150749.56,0,0,3,SILVER,742
10556634,1707374,sdv-pii-6tjc3,619,France,Female,28,1,722.56,1,1,0,55714.29,0,0,5,GOLD,281
5033865,6188810,sdv-pii-za0ac,607,Spain,Male,26,8,77354.29,2,1,0,150154.64,0,0,5,DIAMOND,270
1492519,7242126,sdv-pii-nalxj,758,France,Female,36,5,93483.63,3,0,1,56211.46,1,1,2,PLATINUM,604
8473309,10514536,sdv-pii-vgqg8,549,Germany,Female,47,1,109119.9,1,1,0,108068.85,0,0,1,DIAMOND,871
16099731,10417944,sdv-pii-ehgs0,551,Germany,Female,64,9,104632.22,2,0,1,52029.13,1,1,1,PLATINUM,320
232056,1352265,sdv-pii-twh3u,599,Spain,Male,33,5,16.13,2,1,0,25613.31,0,0,5,DIAMOND,797
7703257,14138139,sdv-pii-yl90e,570,Germany,Female,37,9,138626.57,1,1,0,99735.59,1,1,3,DIAMOND,539
15104910,12708549,sdv-pii-1qde9,474,France,Female,29,4,120248.58,2,0,1,37402.36,0,0,3,DIAMOND,665
7270866,13503295,sdv-pii-33lyx,769,Spain,Female,24,9,116235.3,2,1,1,95878.3,0,0,5,GOLD,372
9114909,209847,sdv-pii-qcuv9,580,Germany,Female,65,5,132054.05,1,1,0,82571.91,1,1,4,DIAMOND,568
7059285,10316330,sdv-pii-h1j2e,844,Spain,Female,29,4,408.36,1,0,1,140504.12,0,0,3,SILVER,738
10031832,12406991,sdv-pii-tsbwk,532,Spain,Female,25,9,102989.86,1,1,1,123095.32,0,0,3,DIAMOND,851
7813170,8150512,sdv-pii-7b2ak,730,Spain,Male,28,5,0.0,2,1,1,9051.81,0,0,3,PLATINUM,313
14724928,2660996,sdv-pii-6dre6,712,Spain,Female,45,2,108768.8,2,1,0,44270.47,0,0,4,SILVER,302
8208025,16533473,sdv-pii-mg65n,653,France,Female,65,8,0.0,2,1,0,138252.22,0,0,4,DIAMOND,446
11577850,8971072,sdv-pii-l0j9d,591,France,Female,49,8,731.47,2,0,0,104965.84,1,0,3,PLATINUM,893
9059965,5743850,sdv-pii-y6byn,536,Spain,Female,48,8,649.44,2,1,0,53097.21,1,1,2,PLATINUM,854
13137298,15412640,sdv-pii-vr6ii,707,France,Male,57,6,161552.73,3,0,0,76881.05,1,1,4,DIAMOND,381
8554824,7748479,sdv-pii-j2a6n,672,France,Male,42,8,121738.38,3,0,0,8249.62,1,1,4,GOLD,465
14268678,16458559,sdv-pii-n2483,810,Spain,Female,34,8,126007.34,2,0,0,152465.31,0,0,5,PLATINUM,442
16539047,7739678,sdv-pii-9jmuw,639,Spain,Male,24,0,0.0,2,1,1,125577.64,0,0,3,DIAMOND,553
16648597,1680608,sdv-pii-88z94,631,France,Male,33,6,310.93,2,0,0,33584.15,0,0,3,DIAMOND,868
2603800,11110773,sdv-pii-wfher,676,Germany,Male,35,6,114162.47,2,1,0,18328.47,0,0,2,DIAMOND,816
16324992,13355518,sdv-pii-xcmlz,658,Germany,Male,33,1,119375.02,1,0,0,189148.72,1,1,3,DIAMOND,561
2832349,2354280,sdv-pii-118cg,521,Germany,Female,62,5,131881.43,1,1,0,77882.66,0,1,2,PLATINUM,907
2147988,4301761,sdv-pii-gxbz5,665,France,Male,40,2,0.0,2,0,1,66221.35,0,0,3,PLATINUM,613
11822194,16259788,sdv-pii-dlbht,495,Spain,Female,61,10,0.0,2,1,0,121572.11,0,0,5,SILVER,473
15502848,2809303,sdv-pii-r17c1,706,France,Female,36,9,105498.11,1,1,0,141938.34,0,0,1,SILVER,622
12232543,9779101,sdv-pii-q4i3j,555,France,Male,45,3,0.0,2,0,0,93004.0,1,1,3,SILVER,895
8553258,6947818,sdv-pii-ok9xr,690,Spain,Female,25,6,0.0,2,0,0,91055.81,0,0,2,PLATINUM,873
8049383,84471,sdv-pii-61tpv,795,Spain,Male,33,8,126775.14,1,1,1,124483.71,0,0,2,DIAMOND,284
8986987,11240438,sdv-pii-m7vjm,752,Germany,Male,32,3,108912.87,2,1,0,62228.88,0,0,2,PLATINUM,590
11590197,8943454,sdv-pii-o8r7k,570,France,Female,30,9,0.0,2,0,0,176341.65,0,0,1,PLATINUM,637
8951421,958979,sdv-pii-fqxcs,753,France,Male,67,10,128834.05,2,1,1,33104.92,1,1,3,SILVER,327
5163173,14270597,sdv-pii-bilx7,589,Spain,Male,22,4,0.0,2,0,0,198889.7,0,0,3,DIAMOND,263
2407210,15484004,sdv-pii-puewo,721,France,Female,41,3,79102.53,1,1,0,91336.78,1,0,5,PLATINUM,815
6008472,215698,sdv-pii-2gppv,802,Germany,Female,47,5,84923.07,2,1,0,30545.79,0,0,2,DIAMOND,501
15051131,12899689,sdv-pii-ae1hr,762,France,Female,52,3,121664.93,2,1,0,75955.41,0,0,1,PLATINUM,915
10914637,736175,sdv-pii-z1nkn,646,Spain,Male,59,8,100144.72,1,0,0,63600.04,0,0,2,SILVER,249
10154212,5735315,sdv-pii-5wsby,722,Spain,Female,47,6,123332.56,1,0,1,15151.9,1,1,4,PLATINUM,945
16462161,6669578,sdv-pii-g41ay,576,Germany,Female,37,8,120481.93,3,0,0,51900.66,1,1,2,DIAMOND,470
3822946,6562251,sdv-pii-qotw6,655,Spain,Male,55,2,618.04,2,0,0,67938.2,0,0,5,PLATINUM,914
15864954,13324898,sdv-pii-nue4c,661,Germany,Female,30,5,0.0,2,1,0,159173.79,0,0,3,PLATINUM,473
6887675,11192780,sdv-pii-pujts,705,Germany,Male,31,10,105899.94,2,0,1,46352.64,0,0,3,GOLD,725
1124904,1377691,sdv-pii-yipbf,649,Germany,Female,39,3,104894.01,1,0,1,42834.56,1,1,5,DIAMOND,428
13613675,7874003,sdv-pii-s21aa,562,France,Female,49,5,133315.97,3,0,1,170301.67,1,1,4,PLATINUM,856
6572326,13889899,sdv-pii-izu8f,695,Spain,Female,33,9,0.0,2,1,0,10039.36,0,0,1,PLATINUM,626
8510493,15904491,sdv-pii-rg1y1,684,Spain,Female,62,1,0.0,2,0,1,194651.36,0,0,5,PLATINUM,943
15371119,1322032,sdv-pii-5hmq9,591,France,Male,45,1,130471.25,2,1,0,80720.99,0,0,4,SILVER,255
16689461,12921171,sdv-pii-r1fv1,681,France,Male,30,5,116481.13,1,1,0,64156.51,0,0,3,SILVER,654
14117138,13269277,sdv-pii-34f7t,683,Spain,Female,56,3,131330.5,1,1,0,100129.72,0,0,4,PLATINUM,533
3931720,12408785,sdv-pii-fnw6n,776,France,Female,34,9,0.0,2,1,1,182264.15,0,0,3,PLATINUM,309
8154969,13210174,sdv-pii-q031f,639,France,Male,48,10,0.0,4,0,0,19889.25,1,1,3,GOLD,269
5172940,14906102,sdv-pii-n5arn,588,France,Male,43,8,1074.28,1,0,0,35847.63,0,0,5,DIAMOND,596
5222238,9041587,sdv-pii-qox8l,624,France,Female,43,10,139220.89,1,0,0,19081.23,1,1,5,PLATINUM,411
2300771,10221217,sdv-pii-oqwop,625,Spain,Male,34,8,0.0,1,0,0,41613.74,0,0,3,PLATINUM,469
10193001,525244,sdv-pii-jlxor,576,Germany,Male,46,6,114507.42,1,0,1,136780.01,0,0,2,DIAMOND,615
4157093,11018157,sdv-pii-6crpx,799,Spain,Male,28,8,0.0,2,1,0,90878.53,0,0,1,GOLD,955
16549102,9497572,sdv-pii-q1a1f,513,France,Male,69,5,114111.51,1,0,0,18167.78,1,1,5,GOLD,680
13846573,6998714,sdv-pii-tmvo6,684,Germany,Male,30,5,106537.23,2,1,0,45113.43,0,0,3,PLATINUM,466
2528355,7300089,sdv-pii-tuf5q,731,Spain,Female,45,7,1597.96,2,1,0,53117.49,1,1,5,DIAMOND,477
1242169,4521389,sdv-pii-pfa61,657,Spain,Female,38,10,0.0,2,1,0,53372.89,0,0,4,SILVER,992
3810586,14353647,sdv-pii-y8791,671,Spain,Female,61,7,195.68,2,0,0,24827.56,0,1,3,PLATINUM,346
13237068,1167116,sdv-pii-qnrv5,633,Germany,Male,32,6,97428.82,1,0,1,116999.69,0,0,1,SILVER,359
8185356,10898548,sdv-pii-zvlqo,539,Germany,Male,41,8,131625.31,2,1,0,138070.81,0,0,3,DIAMOND,291
6660260,6089620,sdv-pii-d28ay,710,Germany,Male,40,8,80787.39,2,1,0,53571.57,0,0,3,PLATINUM,295
2471431,5659486,sdv-pii-i2xd7,633,France,Male,39,9,0.0,2,0,0,111327.29,0,0,3,GOLD,893
1322806,8740091,sdv-pii-t0za8,665,Spain,Male,39,8,111724.96,2,1,1,162632.77,0,0,2,SILVER,862
12436000,14732124,sdv-pii-7nksh,671,Spain,Male,36,1,139562.57,2,0,0,146096.92,0,0,1,DIAMOND,533
5331700,4042385,sdv-pii-vfziq,600,Spain,Male,20,8,0.0,2,1,0,101366.05,0,0,3,DIAMOND,322
8200376,1659856,sdv-pii-s9c1v,813,France,Female,39,5,0.0,2,0,0,57062.06,0,0,5,DIAMOND,842
15528034,7567340,sdv-pii-7xhea,723,France,Female,33,4,0.0,2,0,0,55666.3,0,0,2,DIAMOND,637
13431847,4075579,sdv-pii-5zlmc,635,Spain,Male,28,4,106557.23,1,0,0,27163.57,0,0,3,DIAMOND,773
959330,5465468,sdv-pii-42gqj,795,Germany,Female,27,10,105952.14,2,0,1,34122.5,0,0,3,SILVER,571
2850920,8841466,sdv-pii-er1py,740,Germany,Female,32,9,102957.92,1,0,1,72778.13,1,1,2,SILVER,507
2696427,6813646,sdv-pii-fce1k,505,Spain,Male,46,5,131927.53,3,1,0,192914.96,1,1,4,PLATINUM,660
10028653,16228731,sdv-pii-akzze,850,France,Female,38,1,0.0,2,0,1,57413.85,0,0,3,PLATINUM,391
1259802,15838277,sdv-pii-m0ey9,495,Spain,Male,34,1,88869.52,1,0,0,123243.71,0,0,2,SILVER,516
519965,6627028,sdv-pii-m3c6l,769,Germany,Female,53,8,122802.39,1,1,0,70768.82,0,0,2,GOLD,352
16428793,1675344,sdv-pii-159cv,595,Spain,Male,24,8,595.65,2,0,1,121214.77,0,0,5,PLATINUM,841
6180349,2375969,sdv-pii-b5lsf,700,France,Male,47,9,125984.19,1,1,0,98136.66,1,1,5,PLATINUM,957
5439185,11948706,sdv-pii-mrq08,577,Spain,Female,30,8,134877.04,1,0,0,130629.88,0,0,3,GOLD,980
14980474,880664,sdv-pii-lcazg,733,Spain,Female,29,6,0.0,2,0,1,149416.54,0,0,2,GOLD,828
300293,8529763,sdv-pii-buzjb,678,Spain,Female,25,10,0.0,2,1,1,123579.77,0,0,5,DIAMOND,597
9455722,12636464,sdv-pii-3cqkk,801,Spain,Female,24,8,150.43,2,1,1,93969.77,0,0,2,PLATINUM,820
11711040,13722890,sdv-pii-xnopw,700,Spain,Female,34,2,419.15,2,0,1,140069.28,0,0,5,PLATINUM,767
15356996,6895724,sdv-pii-c90ah,603,Spain,Male,42,9,112064.22,2,1,0,65179.18,0,0,5,PLATINUM,558
14328041,3514073,sdv-pii-fffka,525,Germany,Female,37,3,112693.92,1,0,1,191072.91,0,0,5,GOLD,853
9677865,743849,sdv-pii-lauho,753,Spain,Female,24,1,0.0,2,0,1,117793.98,0,0,1,SILVER,384
216576,4686513,sdv-pii-glt8n,705,Germany,Female,48,8,135275.02,2,1,0,125544.44,0,0,3,DIAMOND,474
8303877,1238539,sdv-pii-xki7b,766,France,Female,23,5,123674.14,1,1,1,121180.06,0,0,3,PLATINUM,882
6267743,12358389,sdv-pii-27qcu,609,France,Female,32,9,130635.01,1,1,0,139526.1,0,1,3,PLATINUM,477
4787519,7488597,sdv-pii-c3wre,555,France,Female,33,7,1601.1,2,0,1,97576.89,0,0,3,PLATINUM,484
15095179,11372807,sdv-pii-glupx,517,Germany,Female,43,9,96201.77,2,0,0,105768.21,1,1,3,DIAMOND,451
5484302,11013395,sdv-pii-7mm1g,681,Spain,Male,61,3,0.0,2,1,0,47858.4,0,0,3,DIAMOND,885
8700686,16672133,sdv-pii-3rn2i,514,Germany,Female,51,8,123161.46,1,0,0,21411.05,1,1,5,DIAMOND,673
469773,16031707,sdv-pii-rk61q,557,Spain,Female,29,5,0.0,2,0,1,77627.08,0,0,3,SILVER,732
15898749,389188,sdv-pii-jdqjc,682,Spain,Female,34,3,0.0,2,0,1,40434.45,0,0,3,PLATINUM,317
6972858,667790,sdv-pii-4oxef,850,Spain,Female,29,5,0.0,2,1,0,56670.13,0,0,4,GOLD,372
8567971,1119257,sdv-pii-thnbw,633,France,Female,29,2,143425.68,2,1,1,82358.25,0,0,3,PLATINUM,294
3066752,8494639,sdv-pii-1a2bv,610,France,Male,33,1,0.0,2,1,1,59956.38,1,1,2,PLATINUM,396
10841649,10069299,sdv-pii-qjngh,706,Spain,Female,42,5,129751.63,1,1,1,188412.65,1,1,3,DIAMOND,937
12620969,1168097,sdv-pii-z6xr3,541,Spain,Male,27,5,123022.61,1,0,0,20972.61,0,0,4,SILVER,839
6503535,2138150,sdv-pii-1s0my,592,Spain,Male,32,6,856.11,2,1,1,83087.1,0,0,5,PLATINUM,284
7627753,16399492,sdv-pii-rk7ay,605,Spain,Female,31,4,0.0,2,1,1,42802.17,0,0,2,DIAMOND,308
8808485,7064145,sdv-pii-mg07l,592,Spain,Male,35,8,0.0,2,0,1,97676.58,0,0,3,GOLD,825
8045011,4205178,sdv-pii-bhy23,841,Germany,Male,39,1,99997.13,2,0,1,57736.7,0,0,3,DIAMOND,814
13332033,1846481,sdv-pii-4t77v,620,France,Female,41,3,115764.05,1,0,0,28905.47,1,1,2,DIAMOND,834
9667904,8420476,sdv-pii-xdkrm,850,Spain,Male,35,5,0.0,2,1,0,109553.57,0,0,3,SILVER,266
6760772,13203345,sdv-pii-uvoep,574,Spain,Female,31,8,0.0,2,0,1,144756.01,0,0,2,SILVER,277
14663980,15150784,sdv-pii-x3ak0,585,Spain,Male,39,8,147423.77,2,1,1,88898.4,0,0,2,PLATINUM,389
5771712,4989478,sdv-pii-1bmgw,643,Spain,Male,51,7,0.0,2,1,1,67614.11,0,0,2,SILVER,694
8902998,7831713,sdv-pii-vtvq1,649,Spain,Male,26,7,0.0,2,0,1,23493.93,0,0,5,PLATINUM,835
16534113,12697550,sdv-pii-0ixkq,581,Germany,Male,42,2,115256.81,1,0,0,122637.88,1,1,5,SILVER,307
3917417,10960066,sdv-pii-1zvqm,732,Spain,Male,44,8,111293.19,2,0,0,48552.99,0,0,3,DIAMOND,295
2864290,10882696,sdv-pii-vwudq,634,France,Female,34,5,117449.55,2,1,0,141987.99,0,0,3,GOLD,744
11371942,8793136,sdv-pii-9bmxi,618,France,Female,46,6,113524.99,4,0,0,18944.78,1,1,4,DIAMOND,284
15496903,4991521,sdv-pii-ewe4u,546,France,Male,49,2,43.42,2,1,1,116936.99,0,0,3,PLATINUM,317
1060814,6578188,sdv-pii-rltms,609,Spain,Female,24,8,4.43,2,1,0,147349.76,0,0,3,PLATINUM,422
12629166,8512835,sdv-pii-do4f0,539,Spain,Male,38,9,114444.18,2,0,0,121044.24,0,0,3,GOLD,549
4933595,3221268,sdv-pii-1ft3f,765,Germany,Female,39,2,0.0,2,1,1,194141.36,0,0,2,DIAMOND,323
622644,11403779,sdv-pii-3wnv7,619,France,Female,37,2,175.87,3,1,1,149961.05,1,1,2,DIAMOND,730
3782281,7953929,sdv-pii-vv4y6,491,Germany,Female,38,0,109622.63,1,1,0,155798.89,0,0,3,DIAMOND,704
5255933,3989202,sdv-pii-0prvg,590,Germany,Female,56,8,134617.59,1,1,0,104354.21,0,0,4,DIAMOND,1000
12878907,4547899,sdv-pii-heoaq,740,Germany,Male,58,3,139952.66,1,0,1,76555.86,1,0,1,PLATINUM,895
5942047,12491842,sdv-pii-67x7j,606,France,Female,24,6,0.0,2,0,1,91650.14,0,0,3,DIAMOND,793
1314810,1180604,sdv-pii-p0ct3,719,France,Female,22,3,100833.1,1,1,0,184358.27,0,1,3,DIAMOND,897
15248181,9913128,sdv-pii-mbjz7,571,France,Male,32,6,1283.68,4,1,0,416.95,1,1,4,DIAMOND,281
41697,2575074,sdv-pii-63puc,798,Spain,Female,39,5,449.61,2,1,1,150774.2,0,0,4,PLATINUM,941
7649303,10181120,sdv-pii-4ix8p,682,Germany,Female,51,8,101269.92,2,0,0,64307.08,1,1,4,SILVER,790
16089110,15793288,sdv-pii-orhhg,606,France,Male,26,7,0.0,1,1,0,76802.6,0,0,3,GOLD,403
15599407,1339530,sdv-pii-8hqna,624,France,Female,38,5,140500.78,2,0,0,181220.22,0,0,1,PLATINUM,663
8417326,13446286,sdv-pii-9m1h6,739,France,Male,28,9,773.72,2,1,1,63071.53,0,0,3,DIAMOND,447
11153020,1038269,sdv-pii-al7h5,691,Spain,Female,31,8,134829.26,1,1,1,158599.87,0,0,3,DIAMOND,513
13315903,15557352,sdv-pii-38y57,712,Spain,Female,32,6,114098.51,2,1,1,38908.78,0,0,5,GOLD,840
7165390,7458828,sdv-pii-t9cku,670,France,Female,39,8,95787.12,1,1,0,108663.8,1,1,3,PLATINUM,423
5654054,6270824,sdv-pii-93je4,531,Spain,Female,49,9,121057.21,2,0,0,43591.87,0,0,3,DIAMOND,898
3188630,316334,sdv-pii-mxbfz,478,Germany,Female,63,5,145438.22,1,0,0,110215.17,1,1,1,DIAMOND,448
1506310,6003616,sdv-pii-svrzu,761,Spain,Male,56,3,112299.97,1,0,0,114929.41,0,0,3,DIAMOND,860
16188716,14945197,sdv-pii-ev7oc,601,Spain,Female,61,5,81630.44,2,0,0,105825.38,0,0,2,GOLD,417
7231707,14875853,sdv-pii-iy0kx,700,Germany,Female,27,5,104993.11,2,1,1,127250.31,0,0,3,DIAMOND,292
14657233,13424484,sdv-pii-hfdfg,604,France,Male,47,5,115671.36,1,1,1,82888.65,0,0,3,GOLD,598
13888267,7903199,sdv-pii-3o4cy,453,Germany,Male,46,5,106282.65,2,1,0,22158.31,1,1,3,PLATINUM,1000
1758105,16088940,sdv-pii-xhxtk,681,France,Female,39,8,1666.21,1,1,0,112454.73,1,1,3,DIAMOND,699
15493092,14053065,sdv-pii-5ol8w,571,Germany,Female,45,8,114556.87,2,1,1,68982.87,1,1,3,PLATINUM,831
12459381,1585292,sdv-pii-836pj,818,France,Female,26,3,119991.3,3,1,0,37007.02,1,1,1,PLATINUM,558
1252592,6959440,sdv-pii-dea63,561,France,Female,55,2,113615.92,2,0,0,84882.31,1,1,3,DIAMOND,331
4133857,5345111,sdv-pii-9qh43,598,Spain,Female,40,4,113557.17,2,1,0,119654.33,0,0,4,DIAMOND,286
11442823,1594305,sdv-pii-9jedk,620,Spain,Male,31,3,0.0,2,0,1,44396.56,0,0,3,GOLD,777
9509145,9698054,sdv-pii-ccnze,573,Spain,Male,33,2,0.0,2,1,1,46049.56,0,0,3,PLATINUM,396
16006578,10317595,sdv-pii-q8kw3,740,France,Female,48,1,115247.5,2,1,0,137597.44,0,1,3,DIAMOND,620
10853230,13242552,sdv-pii-c37fa,761,Germany,Male,32,8,136646.74,1,1,0,199992.48,1,0,3,DIAMOND,839
5081122,2510420,sdv-pii-hg4ou,508,Germany,Female,49,3,590.29,2,1,0,45032.27,0,0,4,DIAMOND,517
8760648,11788341,sdv-pii-egrxi,473,Spain,Female,55,9,112802.73,1,1,1,129343.35,0,0,5,PLATINUM,674
4370006,4787049,sdv-pii-wgakv,797,Spain,Male,33,5,0.0,2,0,0,111333.02,0,0,2,DIAMOND,740
2145801,4390262,sdv-pii-e5cpu,642,France,Male,44,5,0.0,1,1,1,59936.32,0,0,2,DIAMOND,555
2725184,1611678,sdv-pii-sh124,789,France,Female,47,1,0.0,2,0,1,169869.96,0,0,4,PLATINUM,957
11769837,15490105,sdv-pii-k2egs,540,Germany,Female,33,8,106535.62,4,0,1,62237.49,1,1,1,DIAMOND,745
1895034,12164733,sdv-pii-u13yx,759,Germany,Female,35,8,0.0,2,1,0,143818.04,0,0,4,GOLD,260
5965672,8693330,sdv-pii-o6ar0,779,France,Female,42,5,95425.09,1,0,0,162276.91,1,1,3,DIAMOND,754
4460808,16736342,sdv-pii-zxctg,625,Spain,Female,34,8,139591.06,2,1,0,74916.1,0,0,4,PLATINUM,881
6547538,11946017,sdv-pii-o68vk,589,Spain,Male,48,6,121824.33,1,0,0,186386.84,0,0,1,DIAMOND,705
8319858,9423281,sdv-pii-pxrc0,691,Spain,Male,53,0,118663.26,1,0,0,57947.18,0,0,1,DIAMOND,381
1146432,8792976,sdv-pii-be7r7,487,Germany,Female,40,8,101113.85,1,0,0,25110.61,0,1,4,PLATINUM,642
11075,13770998,sdv-pii-921t0,534,France,Female,54,8,0.0,2,1,1,59426.74,0,0,4,SILVER,781
4301110,15450417,sdv-pii-9hdbd,571,France,Female,42,1,191.88,2,1,1,176133.54,0,0,3,PLATINUM,374
8433370,11535558,sdv-pii-sgllg,701,Spain,Female,35,8,100687.39,1,0,1,199992.48,0,0,2,PLATINUM,641
13392026,6283259,sdv-pii-cuubk,669,France,Female,60,5,0.0,1,0,0,162322.48,1,1,5,PLATINUM,390
4104041,10477153,sdv-pii-fzmjb,788,Spain,Female,57,8,117366.32,1,1,0,58589.57,0,0,3,PLATINUM,499
15102719,4653509,sdv-pii-cacgs,739,France,Female,65,8,133883.52,1,0,1,85569.85,0,0,4,GOLD,496
8712215,16097569,sdv-pii-w76u5,777,France,Male,35,5,130070.86,1,1,0,167189.89,0,0,3,DIAMOND,770
6166497,5126381,sdv-pii-1xlh5,824,France,Female,24,8,0.0,2,1,1,48263.64,0,0,3,DIAMOND,433
6812077,6922648,sdv-pii-k1ru3,525,France,Female,27,7,0.0,2,1,0,49253.54,0,0,3,PLATINUM,370
6429039,6968078,sdv-pii-uzddy,741,France,Female,41,3,0.0,2,1,1,147473.27,0,0,5,GOLD,332
11455670,12791377,sdv-pii-zumwo,786,Spain,Female,24,5,0.0,2,0,1,34870.78,0,0,3,GOLD,229
167462,14342978,sdv-pii-e2um4,549,France,Female,45,4,0.0,3,0,0,143921.01,1,1,1,PLATINUM,849
13231,9342056,sdv-pii-pbp30,590,France,Male,28,3,116425.66,1,1,1,83004.31,0,0,3,DIAMOND,593
15501441,15978275,sdv-pii-biaz7,521,Germany,Male,36,6,119980.24,1,0,0,145334.33,0,0,1,PLATINUM,917
5141817,13473070,sdv-pii-oljxt,759,Germany,Female,39,8,148689.31,1,1,1,157278.32,0,1,1,SILVER,926
16764585,2057009,sdv-pii-y2ais,790,Spain,Male,45,8,93176.9,1,1,1,142913.12,0,0,2,SILVER,716
12380171,4521808,sdv-pii-8221h,529,Germany,Female,42,7,118110.06,2,0,0,109814.78,1,1,3,GOLD,566
1360030,11659728,sdv-pii-fod8c,739,Germany,Female,65,8,97335.9,1,1,0,61526.56,1,1,4,PLATINUM,445
1398339,1707328,sdv-pii-1b1ai,572,France,Female,36,8,0.0,2,1,1,116935.2,0,0,3,DIAMOND,284
10593065,10160714,sdv-pii-gayw3,655,France,Male,38,2,0.0,2,0,1,54431.06,0,0,3,GOLD,557
10881957,13698098,sdv-pii-89019,677,France,Female,35,9,0.0,2,1,0,11686.7,0,0,5,PLATINUM,360
722113,10758627,sdv-pii-zicls,669,Germany,Male,57,6,138164.46,2,1,0,105467.7,0,0,1,SILVER,859
13421393,3300849,sdv-pii-hunry,568,Spain,Female,54,2,142843.46,3,1,1,69691.86,1,1,1,DIAMOND,271
6741835,535103,sdv-pii-vrfns,608,France,Male,32,3,0.0,2,1,0,95926.6,0,0,1,GOLD,307
4745386,1797517,sdv-pii-iq9mb,689,France,Female,60,6,98.14,1,0,0,184914.48,1,1,5,SILVER,510
10415064,3973477,sdv-pii-rj0q9,713,Spain,Female,34,4,0.0,2,1,1,71093.45,0,0,3,PLATINUM,841
9392999,14829228,sdv-pii-p34yo,572,France,Male,48,6,132366.17,3,0,0,42532.31,1,1,3,PLATINUM,299
15847646,10401001,sdv-pii-05k0m,802,France,Female,53,3,0.0,1,1,0,58472.78,1,1,3,PLATINUM,274
15121074,6418323,sdv-pii-l5yve,705,France,Female,57,8,147.99,1,0,1,102687.67,0,0,4,SILVER,954
8003047,8997975,sdv-pii-fageh,654,France,Female,26,4,164003.87,1,1,0,133321.24,0,0,3,DIAMOND,956
14705555,6582283,sdv-pii-9gu34,651,Spain,Female,27,8,621.17,2,1,1,49237.9,0,0,3,PLATINUM,292
7189886,6113865,sdv-pii-91u0v,560,Germany,Female,41,7,134562.34,1,1,1,100461.69,1,1,3,DIAMOND,483
13796053,7817375,sdv-pii-4gfbb,702,France,Female,26,2,0.0,1,0,1,44691.97,0,0,1,GOLD,451
14933916,7624716,sdv-pii-lxoxw,783,France,Male,37,5,50598.88,1,0,1,155406.27,0,0,1,PLATINUM,673
12751059,8178378,sdv-pii-yqph3,796,France,Male,30,5,124421.25,2,0,1,127971.8,0,0,2,SILVER,769
15356121,9346929,sdv-pii-ki42s,511,France,Male,44,10,122847.85,1,0,0,73861.26,1,1,4,DIAMOND,282
1524143,8376948,sdv-pii-2fmgf,531,Spain,Female,29,9,130153.42,1,1,0,125657.26,0,0,3,DIAMOND,934
11950005,14542905,sdv-pii-zd8ds,471,Spain,Male,45,0,148695.19,2,0,0,142461.7,0,0,4,PLATINUM,290
15633375,4706386,sdv-pii-8eioe,582,Germany,Female,43,8,123480.0,1,1,0,89545.48,0,0,1,DIAMOND,608
10606877,6846778,sdv-pii-6w5ps,590,France,Male,56,8,110006.28,1,1,0,50124.38,0,0,5,DIAMOND,799
8940862,1969029,sdv-pii-b4vs9,510,France,Female,58,6,133512.63,1,1,1,55428.97,1,1,2,PLATINUM,795
14020905,8841778,sdv-pii-mviko,645,France,Female,47,3,97994.95,2,0,0,126712.95,1,0,5,GOLD,301
7323656,1369093,sdv-pii-h2qwb,636,Spain,Female,30,1,166299.26,1,0,0,28351.27,0,0,3,PLATINUM,933
12270232,12947923,sdv-pii-cuv47,846,Germany,Female,38,6,118199.81,3,1,0,47849.95,1,1,1,PLATINUM,800
9580234,10888122,sdv-pii-1fm0w,813,Germany,Male,46,5,115807.89,2,1,0,69888.87,0,0,4,DIAMOND,563
10695613,13019283,sdv-pii-n89ig,622,Spain,Male,58,4,108686.98,1,0,1,102779.64,1,0,2,PLATINUM,334
11582475,1922770,sdv-pii-cs82m,508,Spain,Male,54,5,113856.37,2,1,0,102476.68,0,0,2,GOLD,888
7838615,5847160,sdv-pii-xtsri,541,Germany,Female,35,5,102179.01,2,0,1,91672.31,0,0,3,GOLD,742
4378497,14465420,sdv-pii-pl6a5,693,Germany,Female,61,8,124370.19,1,1,1,44194.89,1,1,5,SILVER,327
8562605,3521619,sdv-pii-v46nh,760,France,Female,34,10,133499.36,1,1,0,134375.16,0,0,5,PLATINUM,697
3549645,8704907,sdv-pii-5or0l,678,France,Female,59,2,109569.92,1,1,0,84346.43,1,1,5,GOLD,406
6938403,13959335,sdv-pii-mnn21,701,Spain,Male,31,1,171720.13,2,1,0,187849.6,0,0,3,SILVER,423
5767945,8854310,sdv-pii-zunud,575,France,Female,66,8,129870.28,1,1,0,112087.29,0,0,1,GOLD,604
13829424,9062900,sdv-pii-93foj,665,Germany,Female,67,1,114423.02,1,0,1,81183.03,0,0,2,SILVER,976
13831017,10899339,sdv-pii-rhiau,574,Spain,Female,26,8,99310.31,2,0,0,129788.29,0,0,3,DIAMOND,938
6467519,4787049,sdv-pii-s7bpo,719,Spain,Male,34,1,0.0,2,1,1,156553.85,0,0,5,SILVER,402
5243732,16404509,sdv-pii-lrxwj,850,Germany,Female,25,10,107171.67,2,0,0,171963.71,0,0,5,PLATINUM,858
15613965,8752704,sdv-pii-bffht,580,France,Female,46,8,83453.1,1,0,1,59897.06,1,1,1,PLATINUM,873
7946503,12142845,sdv-pii-zt3y3,810,France,Male,19,1,131115.32,2,1,1,6036.45,0,0,4,DIAMOND,855
3111140,4209002,sdv-pii-x8gxe,598,Spain,Female,33,7,496.05,1,0,0,78639.81,0,0,2,DIAMOND,625
3734277,15087637,sdv-pii-pc8u3,785,France,Female,27,2,138591.05,2,1,0,97923.29,0,0,4,DIAMOND,820
6990952,474273,sdv-pii-0yn49,583,France,Female,39,9,118300.18,2,1,0,56122.88,0,0,2,DIAMOND,551
1982388,4714598,sdv-pii-7ytl6,670,Spain,Female,41,5,924.82,1,1,0,122712.15,1,0,4,DIAMOND,292
3772623,6716977,sdv-pii-lajhv,608,Spain,Female,24,7,0.0,2,1,0,156319.75,0,0,2,GOLD,534
2548142,13950992,sdv-pii-4mua4,630,France,Male,56,5,105636.74,2,0,1,3762.29,0,0,4,GOLD,700
12430704,10980163,sdv-pii-pcae8,787,Spain,Female,25,3,140125.46,1,0,0,190890.71,0,0,3,PLATINUM,698
14562778,16755300,sdv-pii-0oxej,850,France,Female,31,3,0.0,1,1,0,151073.4,1,1,2,SILVER,424
9324650,12129355,sdv-pii-f0wuc,737,Germany,Female,41,5,0.0,2,1,1,87154.77,0,0,3,SILVER,288
1711232,13284485,sdv-pii-04qlz,811,France,Female,34,0,105646.97,1,1,1,127752.67,1,1,4,PLATINUM,528
10095785,11303479,sdv-pii-icbpg,580,France,Male,60,2,0.0,2,1,0,70364.46,1,0,5,PLATINUM,306
6943926,10644592,sdv-pii-qc3h1,511,France,Male,42,7,0.0,2,0,1,21954.95,0,0,3,SILVER,858
5855114,2926053,sdv-pii-st70c,535,Germany,Male,62,9,108382.94,2,0,0,18494.7,0,0,3,PLATINUM,228
15483383,7116727,sdv-pii-m6y2v,689,France,Male,35,6,0.0,2,0,0,53496.56,0,0,2,SILVER,596
3691116,15054567,sdv-pii-hnp4h,479,Spain,Male,24,7,1184.06,1,0,0,177444.1,0,0,1,PLATINUM,623
11938992,7716305,sdv-pii-dj2iq,571,Spain,Male,49,5,506.54,2,1,1,126485.62,0,0,2,PLATINUM,889
5833037,4932863,sdv-pii-v9i4q,658,Spain,Male,24,5,103238.97,1,0,0,26472.27,1,1,5,PLATINUM,961
2530553,12571660,sdv-pii-nsl66,622,Spain,Female,58,5,479.65,2,1,1,109310.78,0,0,2,PLATINUM,820
6285386,12138575,sdv-pii-6290x,777,Spain,Female,33,3,5.01,2,0,1,165029.2,0,0,3,DIAMOND,836
7819914,15260731,sdv-pii-z8bez,810,France,Female,41,8,48.31,3,1,0,50300.54,1,1,2,GOLD,844
15019155,11498503,sdv-pii-2r9v2,690,Spain,Male,40,3,0.0,2,1,1,45494.71,0,0,2,GOLD,437
15062428,12564947,sdv-pii-8icfg,572,Spain,Female,35,1,102312.45,2,1,0,41491.7,0,0,2,GOLD,319
13211650,15985575,sdv-pii-yjxeh,838,France,Male,43,5,151007.26,2,1,0,142426.4,0,0,4,DIAMOND,773
13200643,7775844,sdv-pii-1qhie,758,Spain,Female,23,8,109651.74,1,0,0,40251.28,0,0,3,PLATINUM,408
9747220,744495,sdv-pii-37393,715,Germany,Female,70,1,133609.04,1,0,0,153802.9,1,1,5,PLATINUM,576
6551138,6207801,sdv-pii-mw9pt,576,France,Female,76,5,356.15,2,0,1,98873.29,0,0,3,GOLD,962
9437598,15446318,sdv-pii-t8qji,601,France,Male,59,9,114299.04,1,0,1,11.58,1,1,1,DIAMOND,344
9926647,15440476,sdv-pii-gngrv,638,Spain,Male,35,4,103111.8,2,1,0,82657.74,0,0,3,GOLD,245
12212134,872197,sdv-pii-divrv,540,France,Female,52,9,116195.44,2,0,1,195147.96,0,0,3,DIAMOND,306
2923678,3940311,sdv-pii-3gtd5,599,Spain,Female,46,1,2539.92,2,1,0,59322.74,0,0,3,PLATINUM,569
6767649,12719277,sdv-pii-reqgu,647,Spain,Female,25,10,138989.21,1,0,0,68034.64,1,1,5,SILVER,636
5694267,15603185,sdv-pii-trp9s,808,Germany,Female,43,2,136099.88,1,1,0,32694.36,1,1,4,DIAMOND,334
10019214,6072105,sdv-pii-pwzlf,537,Germany,Male,56,2,143592.46,1,1,0,156291.63,1,1,4,SILVER,549
10452190,6057401,sdv-pii-d7jsc,797,Spain,Female,37,8,154278.94,1,1,0,148250.69,0,0,2,DIAMOND,583
678160,6229520,sdv-pii-i1xld,586,Spain,Male,38,2,0.0,1,0,0,126105.08,0,0,1,PLATINUM,341
11823776,5330557,sdv-pii-z21vy,766,Spain,Female,35,6,116871.61,1,0,0,63287.08,1,1,1,PLATINUM,423
4192763,16301485,sdv-pii-awcg8,573,Spain,Female,32,8,138859.9,1,0,1,14747.06,0,0,4,PLATINUM,830
7673530,103862,sdv-pii-iurm1,680,France,Male,42,7,112327.74,1,1,0,59909.06,1,1,3,DIAMOND,512
13307143,14093936,sdv-pii-mgcad,822,France,Male,44,2,133940.84,3,0,0,108866.56,1,1,3,GOLD,506
9662103,14475272,sdv-pii-6mbks,545,Spain,Female,41,8,117550.14,2,1,1,146975.08,1,1,5,GOLD,315
1744051,1524499,sdv-pii-5g0fe,593,Spain,Male,29,6,0.0,1,1,0,31414.76,0,0,2,PLATINUM,588
8309528,3167353,sdv-pii-jbi4z,783,Spain,Female,45,10,107620.45,1,1,1,99986.2,0,0,5,DIAMOND,794
11243146,9827898,sdv-pii-yv6un,622,Spain,Female,28,9,0.0,2,1,1,198731.97,0,0,2,SILVER,809
9326866,6054429,sdv-pii-ufrj2,488,France,Female,21,4,299.62,1,1,0,78120.08,0,0,3,DIAMOND,381
1365349,11747383,sdv-pii-2k3us,727,Spain,Male,30,6,0.0,2,1,0,74001.91,0,0,1,PLATINUM,345
7078081,1848925,sdv-pii-azw3v,817,Germany,Male,43,9,126476.14,1,1,0,96087.68,1,1,3,GOLD,588
7976830,6834545,sdv-pii-087k1,498,Germany,Female,40,6,125426.28,1,1,0,14255.67,0,0,1,PLATINUM,531
7246850,13232291,sdv-pii-5ckz8,614,France,Female,31,9,92959.16,2,1,1,7938.55,0,0,5,SILVER,258
240292,8062362,sdv-pii-2quwi,461,Spain,Male,55,5,87761.83,2,1,1,77974.27,1,1,4,PLATINUM,366
9727133,16179829,sdv-pii-ra8bl,682,Spain,Male,39,9,106767.24,1,0,0,135739.02,0,0,5,GOLD,715
6998226,13226125,sdv-pii-ndomy,697,France,Male,55,5,0.0,2,0,0,172881.21,0,0,2,DIAMOND,636
15126697,7577151,sdv-pii-h68lh,570,France,Female,55,2,122986.19,3,1,0,12893.56,1,1,5,GOLD,386
10041836,14790077,sdv-pii-mh5l4,589,France,Female,52,4,0.0,2,0,1,195080.42,0,0,3,GOLD,403
11114316,318969,sdv-pii-bu7j1,761,Germany,Female,21,7,1074.13,2,1,1,84183.63,0,0,3,PLATINUM,383
8762385,9548879,sdv-pii-u6dnq,535,Spain,Male,54,5,0.0,2,0,1,66608.44,0,0,3,DIAMOND,528
13833524,16194995,sdv-pii-dhaxw,663,Spain,Male,33,3,131444.67,1,0,0,160792.3,0,0,4,DIAMOND,848
3379751,7021896,sdv-pii-7pfmq,750,Germany,Female,60,8,150886.5,3,0,0,59581.16,1,1,4,GOLD,877
16538287,16557578,sdv-pii-xxsum,573,France,Male,49,8,120821.09,3,0,0,160532.65,1,1,4,PLATINUM,622
8424463,282451,sdv-pii-n1oak,797,France,Male,50,9,0.0,2,1,1,182066.17,0,0,3,SILVER,528
2143134,13483020,sdv-pii-2nku4,541,Germany,Female,42,4,102178.57,3,0,0,158841.32,1,1,3,SILVER,710
12751460,3433835,sdv-pii-a636d,849,France,Male,40,5,972.71,2,1,0,180759.43,0,0,5,GOLD,752
5092757,6152461,sdv-pii-seh4l,583,Spain,Male,34,1,85539.52,2,0,1,66716.65,0,0,4,PLATINUM,368
13141737,9627117,sdv-pii-byky9,560,Germany,Female,24,9,150.6,2,1,0,68265.2,0,0,2,PLATINUM,488
12002753,5021300,sdv-pii-ghg2m,850,France,Male,48,6,129860.8,4,1,0,52451.39,1,1,3,PLATINUM,507
5784526,13683071,sdv-pii-ky9jz,657,Germany,Female,49,8,119445.06,3,0,0,67049.13,1,1,4,SILVER,392
15482361,3271944,sdv-pii-1pbpu,587,Germany,Female,33,8,136760.58,2,1,0,146671.6,0,0,2,PLATINUM,782
4930297,16071210,sdv-pii-xkv3h,824,France,Male,39,9,139174.8,2,1,0,63010.55,1,1,2,DIAMOND,276
2796794,9714620,sdv-pii-cjv73,633,Spain,Female,24,9,196.63,2,1,1,184539.63,0,0,3,PLATINUM,746
5375535,16374580,sdv-pii-rdqb8,613,Spain,Female,29,9,0.0,1,0,0,142373.94,0,0,3,SILVER,857
7487933,12214121,sdv-pii-giv7v,580,France,Male,50,1,127909.71,2,1,1,64135.56,0,0,3,DIAMOND,708
7725478,2236946,sdv-pii-u36pg,519,France,Female,55,5,138999.26,1,1,1,75891.14,1,1,2,GOLD,410
2359062,6635868,sdv-pii-dmvq6,589,Spain,Female,27,9,0.0,2,1,1,60377.77,0,0,3,PLATINUM,261
2810322,11846913,sdv-pii-8v2ur,763,Spain,Female,23,7,238.36,1,1,0,82449.1,0,0,4,DIAMOND,488
13060584,8834422,sdv-pii-xg3bg,662,Germany,Female,26,8,122985.78,1,1,1,63267.09,0,0,3,PLATINUM,633
16481300,2696023,sdv-pii-7i2l1,446,Spain,Female,46,2,112344.19,1,0,0,78532.67,1,1,4,DIAMOND,336
14340233,464525,sdv-pii-p0ggk,544,France,Female,44,6,139260.37,4,0,0,103819.89,1,1,2,GOLD,297
1429290,11206001,sdv-pii-fzx2s,489,Germany,Female,34,5,128593.36,2,1,1,59691.0,1,0,3,DIAMOND,725
10938737,14700678,sdv-pii-iy5s1,710,Germany,Female,42,3,155810.5,1,1,0,52791.32,0,0,1,DIAMOND,704
14807731,5031653,sdv-pii-wf1ab,607,Spain,Male,31,8,0.0,2,0,1,100302.33,0,0,1,GOLD,309
5371103,11830248,sdv-pii-2s0e1,666,Spain,Female,67,9,196.44,2,1,1,53972.93,0,0,1,SILVER,289
8514935,2749056,sdv-pii-ij8bn,487,Germany,Female,56,10,113331.66,2,0,0,89325.27,1,1,5,PLATINUM,852
9966650,6826129,sdv-pii-ncil4,776,Spain,Female,29,8,99278.51,2,1,1,91292.37,0,0,4,GOLD,600
12262803,15849423,sdv-pii-n5tha,724,Germany,Female,31,4,98095.27,1,0,0,149288.87,0,0,4,GOLD,727
11281363,14139423,sdv-pii-infir,671,Germany,Female,47,3,94937.48,1,0,1,180724.63,0,0,4,SILVER,403
1198893,5856894,sdv-pii-gg2mb,632,Spain,Female,50,5,130409.82,1,0,1,196510.53,0,0,2,PLATINUM,298
1167806,10252107,sdv-pii-0qzkp,850,France,Female,61,8,114530.18,2,0,0,122394.18,0,0,3,DIAMOND,682
14802642,3329129,sdv-pii-5e7wo,660,Germany,Male,26,1,0.0,2,1,1,50391.22,0,0,5,SILVER,403
16209126,3622193,sdv-pii-5dgnk,616,Germany,Male,42,3,118844.92,1,1,0,163245.75,1,0,4,PLATINUM,502
13062721,10354676,sdv-pii-20hld,686,Germany,Female,70,3,103666.32,3,0,0,60801.34,1,1,2,SILVER,785
1798120,12822226,sdv-pii-8yepq,605,France,Female,50,5,1231.7,2,1,0,195842.89,0,0,1,GOLD,667
7774931,12907487,sdv-pii-31iyf,541,Spain,Male,28,9,899.05,2,1,0,56798.14,0,0,5,DIAMOND,608
14801044,1208813,sdv-pii-q8yoc,500,Spain,Male,28,7,0.0,2,0,1,13995.97,0,0,5,GOLD,818
9000625,16489673,sdv-pii-rmt93,597,Germany,Female,28,1,109153.44,2,0,1,31993.13,0,0,4,SILVER,614
12656609,11516828,sdv-pii-aki7x,517,France,Female,34,10,137228.18,1,0,0,125711.77,1,1,4,PLATINUM,609
10686733,868079,sdv-pii-1i8vp,527,France,Female,36,7,1014.26,1,0,1,49210.12,1,1,2,PLATINUM,309
15970264,3675493,sdv-pii-0slq7,645,France,Female,63,3,93976.84,1,1,0,89350.56,1,1,5,PLATINUM,935
11309995,6660378,sdv-pii-58ber,636,Spain,Female,33,6,0.0,2,0,0,107327.33,0,0,5,GOLD,624
10368172,14937204,sdv-pii-wf2m9,693,Spain,Female,27,8,920.58,2,0,1,110947.19,0,0,5,GOLD,286
5125761,12768650,sdv-pii-5g5wr,792,France,Female,25,9,149425.19,2,1,1,54519.03,0,0,3,DIAMOND,766
3297350,13540542,sdv-pii-g97kt,446,Spain,Female,25,6,777.64,2,0,1,147809.61,0,0,2,DIAMOND,815
14542078,10212527,sdv-pii-xnsd1,711,Spain,Female,33,2,70100.14,1,1,0,81061.48,0,0,2,PLATINUM,548
4137586,16364230,sdv-pii-zt8cx,779,Spain,Female,27,9,111415.13,1,1,0,146750.82,0,0,3,DIAMOND,363
8482244,292547,sdv-pii-dxcq6,669,Germany,Female,54,8,148010.63,3,1,1,114923.22,1,1,3,DIAMOND,620
14771992,11890426,sdv-pii-6duxx,545,Spain,Female,36,8,126338.46,1,1,1,89798.34,0,0,4,SILVER,903
5470095,6494768,sdv-pii-etdqg,692,Spain,Female,38,1,0.0,1,0,1,32315.7,0,0,4,GOLD,506
3008439,12404486,sdv-pii-u0vqr,775,France,Male,42,6,143712.08,1,1,0,25041.4,1,1,5,PLATINUM,981
6854013,8918202,sdv-pii-dtkii,661,Germany,Male,49,8,100859.35,1,0,0,64619.84,1,1,4,PLATINUM,297
14305221,11736946,sdv-pii-nl7er,796,France,Female,62,6,0.0,1,0,0,105502.15,0,0,3,PLATINUM,571
9157381,4413429,sdv-pii-iixo3,566,Spain,Male,35,8,95193.55,1,0,0,82051.08,0,0,3,DIAMOND,595
5929393,14345933,sdv-pii-kppsl,639,Spain,Male,59,10,103251.74,1,1,0,138827.71,0,1,3,DIAMOND,393
4015002,5411925,sdv-pii-la8qx,573,Spain,Female,41,1,121001.61,1,0,1,77608.84,1,0,3,PLATINUM,665
3263912,5433167,sdv-pii-kw699,747,Germany,Female,52,1,149333.37,1,1,1,141161.35,0,0,2,DIAMOND,431
7846179,15433081,sdv-pii-q4sqq,583,Spain,Male,59,9,0.0,1,0,1,44860.04,0,0,2,SILVER,421
3792170,13997515,sdv-pii-oomms,571,Spain,Male,49,5,148943.75,1,0,0,62175.28,0,0,1,PLATINUM,529
798211,6135815,sdv-pii-rorek,766,France,Female,46,6,129667.37,2,0,0,29457.47,1,1,5,GOLD,815
13269742,9478119,sdv-pii-1gg8i,659,France,Male,35,5,144782.66,1,0,1,64472.99,0,0,2,DIAMOND,451
12199769,6589399,sdv-pii-qwh6j,489,Spain,Female,73,2,117537.75,1,1,0,121474.82,1,1,5,DIAMOND,547
12099801,5515857,sdv-pii-2j5jk,670,France,Female,27,6,117475.44,1,1,0,31237.98,0,0,4,PLATINUM,266
5998171,8180836,sdv-pii-i7ly0,627,Spain,Male,26,5,0.0,1,0,0,8954.61,0,0,5,DIAMOND,302
2513659,409832,sdv-pii-km4u7,730,France,Female,34,10,141332.23,2,0,1,188007.75,0,0,3,PLATINUM,796
2945680,297130,sdv-pii-loq4c,622,Germany,Male,42,8,132529.78,1,1,0,49339.25,0,0,1,DIAMOND,596
2967653,14895968,sdv-pii-svx6c,531,Spain,Female,40,9,119591.83,1,0,0,81987.47,0,0,2,PLATINUM,527
5331194,7109631,sdv-pii-6ku06,738,France,Male,29,9,159729.9,2,0,0,11957.45,0,0,3,PLATINUM,930
9933300,8927156,sdv-pii-k437h,594,France,Female,37,8,104680.13,1,0,0,107250.49,0,0,4,DIAMOND,501
1961686,11771280,sdv-pii-ncwv9,601,Germany,Male,38,5,0.0,1,1,0,115666.36,0,0,4,PLATINUM,375
13652114,11927947,sdv-pii-6p68d,623,Spain,Male,21,8,205.64,2,1,1,54984.94,0,0,2,SILVER,409
4708248,10085715,sdv-pii-egi8b,729,France,Male,42,9,0.0,2,1,0,99216.23,0,0,2,SILVER,440
10596166,10058223,sdv-pii-0dpa4,523,Germany,Female,54,8,598.78,3,1,0,131281.55,1,1,4,DIAMOND,389
6116537,1679772,sdv-pii-apn6n,563,Spain,Male,32,8,0.0,2,1,0,140788.41,0,0,3,SILVER,291
3693139,12323380,sdv-pii-zk0io,725,Spain,Female,30,7,289.53,2,1,0,61582.46,0,0,2,DIAMOND,605
2244287,12176515,sdv-pii-2v8wg,769,Germany,Female,45,5,101418.41,1,1,0,133581.99,0,0,2,GOLD,593
11970986,3200417,sdv-pii-dayq1,549,Spain,Female,56,5,111001.48,1,0,0,105530.41,1,1,5,PLATINUM,476
335085,11051272,sdv-pii-62lgx,716,Spain,Female,30,1,118997.03,2,0,0,34150.46,0,0,4,DIAMOND,514
5973161,8589763,sdv-pii-qc5sq,774,France,Male,40,5,128893.97,1,1,0,143894.55,0,0,2,DIAMOND,269
15963301,8839975,sdv-pii-bq4y4,574,Germany,Female,51,3,116195.05,1,1,0,130171.97,0,0,2,SILVER,801
15256331,12381885,sdv-pii-39fe8,796,France,Female,29,2,0.0,2,1,1,111726.11,0,0,3,GOLD,316
3570761,8883323,sdv-pii-hxi7b,731,France,Female,41,7,789.03,2,1,0,17471.02,0,0,2,SILVER,357
2701107,1776992,sdv-pii-f52u6,572,Germany,Male,35,5,65.92,2,0,0,94237.32,0,0,4,DIAMOND,400
10507672,13419129,sdv-pii-gjpaj,677,France,Male,23,8,0.0,2,0,0,149330.45,0,0,3,PLATINUM,831
1297215,9890427,sdv-pii-aw8r5,753,Spain,Female,26,8,0.0,2,0,1,150719.55,0,0,5,PLATINUM,974
8197134,7557072,sdv-pii-0gx9l,461,Germany,Male,49,8,125100.34,1,0,0,130869.31,1,1,3,SILVER,560
14001931,11068133,sdv-pii-zn07e,634,Germany,Female,50,10,122871.69,2,1,1,184144.4,0,0,5,DIAMOND,825
14829830,12820054,sdv-pii-lxo30,515,Germany,Female,36,8,122863.1,2,1,1,104322.28,0,0,1,PLATINUM,274
10333777,12646499,sdv-pii-ci66a,718,France,Male,38,9,117292.48,1,1,0,114033.72,1,1,1,DIAMOND,543
3844532,11620706,sdv-pii-hvl53,752,Germany,Male,52,1,140129.52,1,1,0,63258.99,1,1,5,PLATINUM,413
12918851,1362825,sdv-pii-dkrw9,677,Germany,Male,42,8,92662.52,1,1,0,84863.62,0,0,4,GOLD,418
7459901,9781425,sdv-pii-2zz3s,684,Germany,Male,25,2,0.0,2,0,0,35719.03,0,0,3,DIAMOND,532
1540801,8815256,sdv-pii-m49l8,577,Spain,Female,49,8,127668.49,2,1,0,110232.06,0,0,3,GOLD,294
2965439,14117561,sdv-pii-j88m2,556,France,Female,59,8,111610.4,3,0,0,140022.68,1,1,1,PLATINUM,423
4936769,14921345,sdv-pii-v2oda,706,Spain,Male,35,5,0.0,2,1,0,95270.51,0,0,2,PLATINUM,773
3786578,15310544,sdv-pii-dsp6t,548,Spain,Female,31,9,163.88,2,1,0,136446.84,0,0,2,PLATINUM,863
6153898,12076710,sdv-pii-mg1jl,497,Germany,Female,61,9,120456.38,1,0,1,186294.34,0,0,4,PLATINUM,451
11932970,12491052,sdv-pii-f7084,790,Spain,Female,53,8,118289.11,2,1,1,41668.36,0,0,4,DIAMOND,467
6945285,8681449,sdv-pii-i2gkj,621,Germany,Male,32,10,100969.95,2,0,0,91398.76,0,0,1,DIAMOND,999
4996112,11064080,sdv-pii-8gsze,611,France,Female,29,8,211.34,2,1,0,72731.93,0,0,4,PLATINUM,377
608930,3447221,sdv-pii-fu5zy,551,France,Male,32,4,0.0,2,1,0,96042.97,0,0,2,PLATINUM,351
11007872,15898479,sdv-pii-p030e,611,Spain,Male,37,6,146266.1,1,0,1,46594.24,0,0,4,GOLD,776
10609382,16656967,sdv-pii-k72qy,546,Spain,Female,25,3,0.0,2,1,1,128024.84,0,0,2,PLATINUM,642
3354429,14567146,sdv-pii-yvgmr,644,Spain,Female,65,9,1126.45,2,1,1,97607.33,0,0,4,DIAMOND,785
15466116,7009098,sdv-pii-hm7ke,492,Germany,Female,50,6,150393.58,4,0,0,193221.94,1,1,1,DIAMOND,403
9388303,12131635,sdv-pii-hkpy7,556,Germany,Female,48,7,120764.15,1,0,0,118157.49,1,1,2,SILVER,756
6919786,12583906,sdv-pii-haydu,837,France,Male,47,8,112087.81,1,1,0,26200.26,1,1,3,SILVER,839
7188704,16560364,sdv-pii-cygft,670,Spain,Male,31,5,120204.37,1,0,0,89503.27,0,0,3,PLATINUM,839
5003776,8154400,sdv-pii-vpu77,533,Germany,Female,47,9,146602.15,1,1,0,80028.44,1,1,4,PLATINUM,705
11957256,11574783,sdv-pii-nweuy,534,France,Female,38,1,121591.53,1,0,0,184708.05,0,0,1,DIAMOND,479
11144233,9060292,sdv-pii-yj838,539,France,Female,38,8,151932.79,3,0,0,178657.59,1,1,5,PLATINUM,671
9653486,10719658,sdv-pii-izww0,665,France,Female,36,8,0.0,3,1,1,22502.02,1,1,5,SILVER,411
6413552,4508142,sdv-pii-sx5ez,668,Germany,Female,41,8,119316.86,1,1,1,97942.38,0,0,1,GOLD,448
9678706,7753643,sdv-pii-8s5pe,690,Germany,Male,38,5,92555.6,1,1,0,16563.98,1,1,5,GOLD,493
12973025,4482913,sdv-pii-s6cek,768,Germany,Male,26,8,120651.05,1,0,0,77796.46,0,0,4,DIAMOND,623
5930875,14946455,sdv-pii-7nxbb,690,Germany,Female,38,5,168085.5,1,0,1,177801.51,0,0,3,PLATINUM,427
9601766,3679516,sdv-pii-4cw0x,850,Spain,Female,36,5,0.0,2,1,1,42420.33,0,0,3,GOLD,540
11486832,5872663,sdv-pii-g167x,645,France,Female,62,1,811.5,1,0,1,55567.22,0,1,3,DIAMOND,868
11267819,329538,sdv-pii-ue7hu,790,Germany,Female,47,9,0.0,1,0,1,110788.45,1,1,3,PLATINUM,303
3746891,759424,sdv-pii-ewwh0,667,Germany,Female,40,8,109930.03,1,0,0,44131.53,1,1,5,PLATINUM,933
6412912,8020220,sdv-pii-nv5ne,777,Spain,Female,31,2,0.0,2,1,0,23914.99,0,0,3,SILVER,758
7562125,12379244,sdv-pii-349pr,555,Spain,Female,31,5,0.0,1,1,0,173140.5,0,0,2,DIAMOND,454
2317024,10190613,sdv-pii-99p10,605,France,Male,26,9,91519.96,2,1,0,8280.68,1,1,5,GOLD,421
4631965,1058654,sdv-pii-oznm2,639,France,Male,42,5,0.0,2,1,0,32378.85,0,0,2,PLATINUM,834
9780993,12321397,sdv-pii-piu9h,518,Spain,Male,28,3,8.03,2,1,0,65160.81,0,0,3,PLATINUM,920
12002586,1370765,sdv-pii-vbt2t,749,Spain,Male,46,9,109295.74,2,1,0,63795.31,0,0,3,GOLD,575
1595357,4626929,sdv-pii-ajo04,698,Spain,Male,30,9,122722.39,1,1,0,188004.1,0,1,5,DIAMOND,745
11583293,9708284,sdv-pii-3wnjm,650,Spain,Female,69,8,0.0,2,1,0,81808.49,0,0,4,PLATINUM,597
9626445,2174897,sdv-pii-35vni,666,Germany,Female,57,8,146631.54,3,0,0,18091.86,1,1,1,SILVER,346
512530,15641921,sdv-pii-p1yna,645,France,Female,63,6,90564.19,1,0,0,116156.35,1,1,1,DIAMOND,382
4486154,15858878,sdv-pii-wgbug,830,France,Male,32,9,0.0,2,1,0,57434.75,0,0,5,PLATINUM,542
11514604,12740002,sdv-pii-tizbm,689,Germany,Female,45,1,129284.09,2,0,1,179580.55,1,1,3,SILVER,796
2313652,11581781,sdv-pii-mntyi,771,Germany,Female,40,5,112317.55,2,1,0,173690.42,0,0,2,DIAMOND,649
10057652,2904731,sdv-pii-zfsgi,724,Spain,Male,28,3,94646.82,2,0,1,145994.6,0,0,3,SILVER,611
4001197,5661691,sdv-pii-9vv9b,654,Spain,Male,32,6,109909.63,1,1,0,78596.21,0,0,5,DIAMOND,363
4121793,2960561,sdv-pii-wpo3y,590,Germany,Male,38,5,150871.69,2,1,0,109639.34,0,0,3,DIAMOND,559
9769430,4701916,sdv-pii-s2ybh,750,France,Male,36,1,141714.74,1,1,0,9426.21,0,0,5,GOLD,614
11129956,829801,sdv-pii-7mw30,554,Germany,Female,34,6,132095.55,1,0,0,116199.88,1,0,5,PLATINUM,946
14561097,2226792,sdv-pii-vxcfj,713,Spain,Male,31,6,809.17,2,1,1,40075.68,0,0,2,GOLD,943
413560,1104818,sdv-pii-kyscl,572,France,Female,71,1,128668.96,4,0,1,66697.64,1,1,5,PLATINUM,467
9250371,140987,sdv-pii-stxd6,774,Spain,Male,34,4,91953.76,2,1,0,130235.43,0,0,3,DIAMOND,709
13096744,11733885,sdv-pii-o04zl,787,France,Male,26,5,0.0,2,0,1,81844.37,0,0,2,PLATINUM,404
15302892,4436936,sdv-pii-89wx6,599,Germany,Female,40,9,130709.95,1,0,0,7447.93,1,1,1,GOLD,961
15547169,2431922,sdv-pii-05i11,483,Germany,Female,57,6,122439.31,1,0,0,148542.87,1,1,3,DIAMOND,544
9415143,3837254,sdv-pii-p4vw4,696,Germany,Female,55,3,117324.26,1,1,0,115312.94,0,0,3,DIAMOND,898
5370211,3432950,sdv-pii-prt00,649,Germany,Female,37,1,36.4,2,0,0,132963.58,0,0,5,PLATINUM,558
3075419,9361314,sdv-pii-p7wbn,731,Spain,Male,27,5,91245.29,2,1,1,37643.61,0,0,2,DIAMOND,891
1562593,3875778,sdv-pii-qdeda,591,Germany,Male,43,9,110963.73,2,1,0,41021.95,0,0,3,DIAMOND,353
11511762,7158227,sdv-pii-ai0wi,789,Spain,Male,46,8,128778.48,2,1,1,134075.44,0,0,5,GOLD,814
3057585,4406766,sdv-pii-wqmtc,691,Germany,Female,53,8,94878.08,3,0,0,65458.74,1,1,2,DIAMOND,391
7475414,2810879,sdv-pii-rccwf,766,Spain,Male,28,1,97767.05,1,1,0,76013.15,0,0,2,PLATINUM,739
5298981,15860119,sdv-pii-0jua3,536,France,Female,24,9,340.96,2,1,1,55303.72,0,0,3,PLATINUM,281
1813740,4267540,sdv-pii-kckzu,683,France,Female,68,8,106397.59,1,0,1,24591.92,1,1,2,GOLD,702
9101754,10935804,sdv-pii-8zlq6,524,Spain,Male,66,0,103579.17,1,1,0,109266.96,0,0,5,PLATINUM,773
12605756,10411063,sdv-pii-nzh2g,785,Germany,Male,26,9,155859.94,2,1,0,135973.6,0,0,2,DIAMOND,357
6215482,1716312,sdv-pii-gzvtw,600,France,Female,40,2,1110.78,2,1,0,70118.91,0,0,3,DIAMOND,690
6060209,12907201,sdv-pii-jcct3,613,Spain,Male,36,7,0.0,2,0,1,59959.83,0,0,2,GOLD,685
10467050,4423413,sdv-pii-247tf,591,Germany,Male,55,9,91734.92,2,1,0,113634.51,0,0,2,DIAMOND,929
1464549,5770967,sdv-pii-mkdcl,655,France,Female,69,8,1757.51,2,1,0,58034.62,0,0,4,PLATINUM,567
10101017,10445314,sdv-pii-pxwqb,504,Spain,Female,34,6,139464.32,1,0,1,68582.45,0,0,1,DIAMOND,928
10921786,3446256,sdv-pii-40drq,556,Spain,Female,50,5,688.4,2,1,0,68505.55,0,0,4,PLATINUM,863
10053268,8420634,sdv-pii-zkjn4,493,France,Female,58,8,102511.51,3,0,0,153462.05,1,1,4,PLATINUM,235
10387626,10615061,sdv-pii-54g91,671,France,Female,45,6,258.15,1,0,0,106045.19,1,1,1,PLATINUM,417
11489130,2542486,sdv-pii-9hu5u,621,France,Female,51,8,113083.7,1,0,0,72598.62,1,1,5,DIAMOND,813
4931656,9108854,sdv-pii-zpk3j,572,Spain,Female,62,2,1546.07,3,0,1,74903.31,1,1,2,SILVER,699
3050431,11217632,sdv-pii-c8hku,597,Spain,Male,56,1,0.0,2,1,0,134272.04,0,0,3,SILVER,440
13146307,13621296,sdv-pii-x74pg,783,France,Female,55,8,121852.46,1,0,0,47804.78,1,1,4,PLATINUM,854
16526415,4371680,sdv-pii-8uvt3,676,France,Female,24,3,0.0,1,0,1,178667.64,0,0,3,PLATINUM,806
6470217,6073750,sdv-pii-nh1py,716,Spain,Female,50,8,412.72,1,1,1,124431.06,1,1,3,DIAMOND,396
9800558,6742872,sdv-pii-ummz7,656,Spain,Female,41,9,102890.15,1,1,1,126656.46,1,1,4,DIAMOND,364
4430691,4422894,sdv-pii-ejcz7,834,Germany,Female,57,8,0.0,1,0,0,105378.11,0,1,3,DIAMOND,303
100394,3525717,sdv-pii-11xo7,743,Spain,Female,29,8,0.0,2,0,1,64207.07,0,0,4,DIAMOND,496
2345004,4042561,sdv-pii-vkyc8,564,Germany,Female,34,5,130615.87,1,0,1,45540.65,0,0,3,DIAMOND,625
2160900,13201270,sdv-pii-nu4o0,630,Germany,Male,50,5,107723.22,1,1,1,78473.15,0,0,1,PLATINUM,413
14792740,10743846,sdv-pii-089pb,706,Spain,Female,35,3,116584.04,1,1,1,63150.35,0,0,1,PLATINUM,457
5366867,2474999,sdv-pii-rtasi,596,France,Female,44,8,705.65,2,1,1,186665.89,0,0,5,SILVER,940
12786615,3343455,sdv-pii-ab74o,688,France,Female,65,6,0.0,2,1,1,23247.76,0,0,4,GOLD,435
7946832,6045429,sdv-pii-p3f8u,687,Spain,Male,34,1,68891.65,2,1,0,148911.33,0,0,5,PLATINUM,618
2373596,627992,sdv-pii-zalyj,726,France,Female,44,6,117076.39,1,1,0,67111.63,1,1,4,SILVER,406
703748,1874504,sdv-pii-il2jl,683,Spain,Male,69,4,117142.7,1,1,1,24899.21,0,0,1,PLATINUM,382
14318897,4955966,sdv-pii-1mq7a,620,Spain,Male,31,6,0.0,2,1,1,39572.17,0,0,4,GOLD,375
13853644,14203444,sdv-pii-3354g,689,Spain,Female,56,3,0.0,1,0,0,31297.06,1,1,2,SILVER,280
10156159,14986909,sdv-pii-rl6y4,730,Spain,Female,27,5,512.84,2,1,1,87493.55,0,0,5,GOLD,747
13632170,13757809,sdv-pii-c9w83,567,Germany,Male,33,10,122573.21,1,0,1,102702.0,1,1,3,GOLD,960
10529603,7278012,sdv-pii-dpy6e,691,Germany,Female,44,3,119297.77,2,0,0,90926.33,1,1,3,DIAMOND,601
11804393,14254693,sdv-pii-81m7e,593,Spain,Female,39,5,120614.71,1,0,1,156971.78,0,0,3,DIAMOND,868
809802,4367003,sdv-pii-hh472,687,Spain,Female,50,10,0.0,2,0,0,45967.38,1,1,1,DIAMOND,825
10972528,7995432,sdv-pii-bo100,510,France,Male,47,4,104696.7,2,1,0,142588.81,0,0,4,GOLD,448
3233620,2504738,sdv-pii-1b7xj,809,France,Female,32,1,106186.9,2,0,1,118314.94,0,0,3,PLATINUM,845
12823658,459097,sdv-pii-spm8l,771,France,Male,42,3,130319.31,1,0,0,8742.89,1,1,5,GOLD,847
16094338,10570523,sdv-pii-7u84j,765,Germany,Female,40,9,136104.02,1,1,0,56713.19,0,1,5,DIAMOND,327
13942808,2818853,sdv-pii-6cm0z,656,Spain,Male,42,4,0.0,3,0,0,15042.47,1,1,2,GOLD,479
798728,2447370,sdv-pii-ac1zr,785,France,Female,56,10,109607.72,3,0,0,168699.54,1,1,2,DIAMOND,891
14804347,6574222,sdv-pii-s4ow4,539,France,Female,39,8,122713.27,2,0,0,67014.46,1,1,4,GOLD,392
9819325,9701042,sdv-pii-te2km,676,Spain,Male,30,3,518.36,2,0,0,113414.12,0,0,3,PLATINUM,578
5982736,10562850,sdv-pii-egcyj,828,Germany,Female,49,5,115983.02,2,1,1,80972.98,0,0,2,SILVER,707
11515936,1770974,sdv-pii-5j5k8,638,Germany,Female,60,2,96556.56,1,1,1,131941.46,1,1,4,DIAMOND,941
13315267,11542523,sdv-pii-cpg4q,535,France,Female,72,8,102178.72,4,0,0,39398.13,1,1,3,PLATINUM,838
1284864,372763,sdv-pii-imh6g,519,Spain,Male,42,8,378.46,2,0,1,54254.45,0,0,3,DIAMOND,376
11693346,14204865,sdv-pii-xmuam,534,Spain,Female,27,10,131556.27,2,0,1,87389.5,0,0,4,PLATINUM,689
10707113,8721596,sdv-pii-o1ral,580,Germany,Male,49,4,108835.88,1,1,1,157218.7,1,1,1,DIAMOND,510
14908311,9556558,sdv-pii-gb2oj,631,Spain,Female,69,8,119779.11,1,0,0,130945.1,0,0,1,SILVER,684
895500,11616452,sdv-pii-fklo2,757,Spain,Female,52,4,153842.56,1,1,0,150307.09,0,1,4,DIAMOND,857
10304958,6510855,sdv-pii-pz43v,553,Germany,Female,52,6,143267.1,1,1,0,179231.86,0,0,5,PLATINUM,734
3445460,11388253,sdv-pii-q9exb,720,Spain,Male,34,8,0.0,2,1,1,78078.19,0,0,1,PLATINUM,525
251275,5952026,sdv-pii-5atam,605,Germany,Male,61,4,170.03,2,1,1,116970.92,0,0,3,PLATINUM,762
12074058,3903365,sdv-pii-fna6z,467,France,Female,37,5,94200.94,3,0,1,42053.83,1,1,3,PLATINUM,718
12441896,16574267,sdv-pii-rkwr5,581,France,Female,42,8,0.0,2,1,0,175822.8,0,0,5,SILVER,370
9806810,1084690,sdv-pii-3zllv,660,Spain,Female,56,4,123.17,2,1,1,161296.98,0,0,2,PLATINUM,810
15902160,14717315,sdv-pii-w869r,748,Germany,Male,43,8,103410.12,1,0,0,138485.38,1,1,5,PLATINUM,324
9158154,3701478,sdv-pii-fv16g,717,Spain,Female,40,5,0.0,2,1,0,88488.08,0,0,5,GOLD,934
12616956,8868872,sdv-pii-4drdt,532,Spain,Female,45,1,137691.49,1,1,1,179446.12,0,0,5,SILVER,409
752768,10473051,sdv-pii-jer2r,585,Spain,Male,48,5,0.0,1,0,0,80877.33,1,1,5,GOLD,560