RowNumber,CustomerId,Surname,CreditScore,Geography,Gender,Age,Tenure,Balance,NumOfProducts,HasCrCard,IsActiveMember,EstimatedSalary,Exited,Complain,Satisfaction Score,Card Type,Point Earned,cluster
343984,746667,sdv-pii-x5pxl,554,Germany,Female,52,8,115954.99,3,0,0,165704.39,1,1,5,PLATINUM,913,4
8060568,14978897,sdv-pii-msthg,461,France,Female,34,6,147743.82,1,1,0,39735.76,0,0,2,PLATINUM,322,0
705627,7680236,sdv-pii-ocsen,694,Spain,Male,37,8,0.0,2,1,0,61339.79,0,0,3,PLATINUM,457,1
40431,9990238,sdv-pii-0mhmc,766,Spain,Male,22,2,0.0,2,1,0,29905.11,0,0,1,DIAMOND,386,1
11283339,5187252,sdv-pii-twsop,850,France,Male,30,8,0.0,2,1,1,116312.97,0,0,5,PLATINUM,254,1
3290936,15394028,sdv-pii-bj2ub,819,Germany,Male,23,8,104511.97,1,1,0,181278.37,0,0,3,PLATINUM,558,1
15330934,3430763,sdv-pii-zqmjv,696,Spain,Male,37,10,0.0,1,1,0,93172.41,0,0,1,PLATINUM,551,1
10434812,7723956,sdv-pii-unesr,763,Spain,Female,36,6,142197.09,2,0,0,19229.12,0,0,4,DIAMOND,586,0
9655424,1496020,sdv-pii-9g0j4,569,Spain,Male,41,8,0.0,2,1,1,74136.53,0,0,4,PLATINUM,751,1
3672529,3334120,sdv-pii-dzk0y,646,France,Female,57,10,117318.7,1,0,0,183483.6,1,1,3,GOLD,554,4
13652292,6324167,sdv-pii-0gnqj,564,France,Female,41,5,131289.07,3,0,0,10807.41,1,1,2,PLATINUM,523,2
5230807,3512678,sdv-pii-hh4g3,547,Germany,Male,25,2,0.0,2,1,0,16887.28,0,0,1,PLATINUM,247,1
787196,1350126,sdv-pii-h36hi,647,France,Male,23,8,0.0,1,1,1,2253.08,0,0,4,PLATINUM,576,1
12789536,8081867,sdv-pii-ud4kx,701,Spain,Female,36,5,0.0,2,1,0,95996.04,0,0,3,GOLD,648,0
9669114,9029401,sdv-pii-6g3l3,691,France,Male,37,8,114535.31,2,1,0,177984.54,0,0,2,DIAMOND,898,1
5144384,14843922,sdv-pii-s0quo,772,Spain,Female,24,5,159395.01,1,1,1,191113.47,0,0,3,SILVER,777,0
8552398,8363052,sdv-pii-knnpz,729,France,Female,29,8,121142.1,2,1,0,39303.62,0,1,3,DIAMOND,336,3
11072256,14298910,sdv-pii-vo66g,818,Germany,Female,28,1,126831.18,2,0,1,64645.69,0,0,3,DIAMOND,281,0
13074213,14885352,sdv-pii-cxjg1,613,Spain,Female,24,3,143583.7,1,1,0,45463.18,0,0,2,PLATINUM,905,0
14156822,5819406,sdv-pii-wnrdp,449,France,Female,73,8,110588.07,3,0,1,68973.31,1,1,3,DIAMOND,778,4
12975418,12976423,sdv-pii-zceya,659,Germany,Female,44,2,125591.87,3,1,0,155167.24,1,1,5,DIAMOND,871,4
7258238,10797455,sdv-pii-xb2t5,790,Germany,Female,39,9,98804.07,2,0,1,127378.43,0,0,4,PLATINUM,888,0
8425899,6286014,sdv-pii-lux7k,675,Germany,Female,65,9,152790.29,2,1,1,75908.93,0,0,3,DIAMOND,271,0
11788368,2643547,sdv-pii-ziqco,765,France,Female,32,7,0.0,2,1,1,178546.83,0,0,3,GOLD,725,0
1165528,8749285,sdv-pii-k6zyt,552,Spain,Male,31,10,213.92,2,1,0,34905.57,0,0,3,DIAMOND,812,1
14170405,16638996,sdv-pii-sudug,598,Spain,Female,50,8,126055.28,1,0,1,131232.64,0,0,1,GOLD,451,0
13535483,8496656,sdv-pii-v00gn,542,Spain,Female,52,8,132710.18,1,0,0,46195.82,1,1,1,DIAMOND,683,4
14212079,9769576,sdv-pii-ikcp2,713,Germany,Female,49,10,100686.49,1,0,0,166160.7,1,1,5,DIAMOND,641,4
10942398,776407,sdv-pii-5fne2,528,Germany,Female,47,7,131597.5,2,0,0,113987.87,0,0,3,PLATINUM,1000,0
11015055,13030095,sdv-pii-eolu0,675,Germany,Female,49,6,146527.41,2,1,1,154763.97,0,0,5,SILVER,647,0
7767594,11993559,sdv-pii-3kk9b,698,Germany,Female,64,8,146876.85,1,0,0,170463.48,1,1,3,DIAMOND,714,4
10951460,1597989,sdv-pii-0r3by,552,France,Male,41,3,88310.77,2,1,1,57128.51,0,0,2,GOLD,758,1
10694026,15121452,sdv-pii-pym29,515,Spain,Female,38,10,97563.51,1,1,0,175412.1,0,0,3,DIAMOND,877,0
11392271,15328045,sdv-pii-2q6ve,527,Germany,Female,71,4,101556.69,1,1,1,186742.69,1,1,3,GOLD,675,4
16697133,14991347,sdv-pii-1yxvh,519,France,Female,34,8,1101.14,2,0,0,136974.04,0,0,2,GOLD,434,3
11428201,16624734,sdv-pii-9ohx0,638,Spain,Female,45,5,0.0,1,1,0,99882.68,0,0,1,PLATINUM,395,0
16235712,3100439,sdv-pii-5ys3g,726,Germany,Female,43,6,64415.4,3,0,0,141372.27,1,1,4,DIAMOND,287,4
2498031,8235740,sdv-pii-lolhy,575,France,Female,49,10,0.0,2,1,0,123676.15,0,0,4,PLATINUM,590,0
16101137,15456317,sdv-pii-tr1j9,543,France,Female,35,2,611.47,2,1,0,60040.58,1,0,5,SILVER,316,0
7733154,13673918,sdv-pii-8bz4x,610,Germany,Female,44,8,135061.89,1,1,1,85696.61,0,0,2,DIAMOND,576,0
7380169,6644532,sdv-pii-ufplx,518,Germany,Female,26,4,955.42,2,0,1,153294.32,0,0,2,DIAMOND,789,0
10917897,6655605,sdv-pii-dzmdt,558,Germany,Male,55,7,127775.5,3,0,0,171758.62,1,1,4,DIAMOND,810,4
3669228,1936281,sdv-pii-8k7xm,797,Spain,Male,45,9,0.0,2,1,0,160439.57,0,0,3,PLATINUM,946,1
5515937,2699652,sdv-pii-8k0io,715,Spain,Female,35,9,0.0,2,0,1,151314.68,0,0,3,GOLD,554,0
6831637,6935460,sdv-pii-ilg7s,641,France,Male,30,4,0.0,2,1,1,53581.16,0,0,5,GOLD,882,1
1899067,4080970,sdv-pii-mphbi,514,Germany,Female,30,5,109859.8,1,1,0,107661.64,0,0,5,PLATINUM,275,0
9443898,15106271,sdv-pii-z09fi,832,Spain,Female,32,9,116968.2,2,1,0,149727.12,0,0,2,DIAMOND,783,0
10805041,15294508,sdv-pii-hqg4d,516,Germany,Female,47,1,125077.24,1,1,1,98832.21,0,0,3,PLATINUM,1000,0
12894244,13434687,sdv-pii-xkwok,681,Spain,Male,27,5,190.34,2,1,0,62239.61,0,0,3,GOLD,416,1
8459457,846392,sdv-pii-e13bd,708,Spain,Female,21,3,0.0,2,1,0,46700.63,0,0,2,SILVER,528,0
14267944,752005,sdv-pii-68ycf,543,France,Male,30,3,0.0,1,0,0,54510.43,0,0,2,DIAMOND,386,3
11463407,928547,sdv-pii-5my51,682,Germany,Female,46,1,107763.42,1,1,0,185925.54,0,1,3,DIAMOND,595,4
7150688,1019300,sdv-pii-jdyjz,688,Spain,Male,42,8,129316.46,2,0,1,74181.0,0,0,2,PLATINUM,498,1
6248154,4811785,sdv-pii-zp0fu,600,Germany,Female,43,10,153991.95,2,1,0,148221.1,0,0,2,PLATINUM,378,0
1035801,1381331,sdv-pii-o7rui,484,Spain,Male,67,5,1460.29,2,1,1,37007.09,1,1,3,DIAMOND,844,2
4808109,16067397,sdv-pii-98nms,795,France,Male,31,9,121747.56,2,0,0,152937.98,0,0,2,SILVER,394,3
12201861,5767532,sdv-pii-87pau,550,France,Female,22,6,133384.45,1,0,1,153349.59,0,0,5,DIAMOND,337,3
8753201,15634489,sdv-pii-wfrly,540,France,Male,37,3,511.53,1,0,0,66024.89,1,1,4,PLATINUM,482,2
3388289,1275176,sdv-pii-5cdfa,562,Germany,Female,38,10,140928.38,3,0,0,80015.01,1,1,1,PLATINUM,291,4
1170550,11851638,sdv-pii-k83ju,669,Germany,Male,33,5,151567.98,2,1,1,43140.22,0,0,4,DIAMOND,785,1
12376125,4895661,sdv-pii-eibwd,564,Spain,Male,28,9,124037.18,1,1,0,64319.23,0,0,5,PLATINUM,913,1
7837094,2559596,sdv-pii-0sp7b,765,France,Female,49,5,123577.39,1,0,1,43189.9,0,0,5,PLATINUM,864,0
14983512,14421981,sdv-pii-x18wu,634,France,Male,33,0,989.46,2,1,1,151854.07,0,0,3,SILVER,399,1
2716811,1097074,sdv-pii-xubrm,758,France,Female,33,8,0.0,2,1,1,45861.5,0,0,3,DIAMOND,436,0
341193,1618663,sdv-pii-hicuh,522,Germany,Female,24,3,117209.81,1,1,0,18993.68,0,0,3,GOLD,939,0
9430924,11738337,sdv-pii-j73hl,561,France,Male,41,7,346.14,2,1,0,33907.04,0,0,5,SILVER,709,1
4846833,13463950,sdv-pii-4nynm,735,France,Female,45,5,106131.98,2,1,0,186234.22,0,0,5,GOLD,419,0
4971477,8692781,sdv-pii-mj7lh,639,Spain,Female,25,5,0.0,2,1,1,123023.25,0,0,4,DIAMOND,930,0
1384347,8811593,sdv-pii-rakcr,758,Spain,Female,38,8,144413.56,1,1,0,15056.98,1,1,5,PLATINUM,869,2
16775379,5005353,sdv-pii-tl1k1,755,Spain,Male,25,1,0.0,2,0,0,53407.67,0,0,2,GOLD,274,1
363561,542120,sdv-pii-24155,575,Spain,Female,25,1,0.0,2,0,1,52897.91,0,0,1,PLATINUM,484,0
14084390,9655334,sdv-pii-p7hkq,589,Germany,Female,55,8,124003.96,1,0,0,130002.06,1,1,3,DIAMOND,819,4
6791030,1137675,sdv-pii-iwjdc,656,Spain,Female,55,1,108030.72,1,0,1,146623.65,0,0,3,PLATINUM,333,0
4645924,13492758,sdv-pii-v5xwi,548,Spain,Male,36,0,120322.82,1,0,0,59566.93,0,0,5,DIAMOND,640,1
3777297,4069836,sdv-pii-odscl,683,Spain,Male,38,8,136680.01,1,0,1,92645.48,0,0,1,PLATINUM,300,1
10795538,10710682,sdv-pii-sk8uj,499,Germany,Female,47,5,123342.33,2,0,0,138857.53,0,0,3,PLATINUM,253,0
11047387,9538701,sdv-pii-li6rt,717,France,Female,34,4,150989.62,1,1,1,156614.6,0,0,4,PLATINUM,271,0
391778,3324607,sdv-pii-x4n32,555,France,Female,31,9,266.43,2,1,0,26157.03,0,0,5,SILVER,205,0
1448186,13538648,sdv-pii-y9llo,570,Spain,Male,32,8,158428.46,1,1,1,28133.34,0,0,4,PLATINUM,914,1
5212897,1198836,sdv-pii-95p1k,685,Germany,Female,53,3,100578.36,1,1,0,67087.75,0,0,5,DIAMOND,830,0
15874152,893277,sdv-pii-97yrl,766,Spain,Male,20,9,0.0,2,1,0,110234.41,0,0,3,PLATINUM,524,1
12737654,12975553,sdv-pii-eo8xo,632,France,Male,47,8,0.0,2,1,1,158546.68,0,0,2,SILVER,434,1
4599177,4473908,sdv-pii-pa4nk,719,Spain,Male,45,5,121415.24,1,0,0,54364.86,1,1,4,PLATINUM,706,2
1390348,1429711,sdv-pii-q793c,606,France,Male,46,8,0.0,2,0,0,77795.43,0,0,3,SILVER,438,3
2540350,4060019,sdv-pii-51bjy,489,Spain,Female,28,1,295.73,2,1,1,55778.88,0,0,3,PLATINUM,263,0
8211908,47302,sdv-pii-anats,604,France,Female,64,10,119960.6,1,1,0,126597.42,1,1,5,DIAMOND,825,4
7434330,9184881,sdv-pii-y3txm,675,France,Female,35,9,538.13,2,1,1,104095.31,0,0,3,PLATINUM,327,0
6305343,9240284,sdv-pii-qmdhn,676,Spain,Female,40,3,0.0,2,1,0,30767.76,0,0,4,PLATINUM,879,0
9603559,7761946,sdv-pii-mgw3h,789,France,Female,65,8,0.0,4,1,0,116533.09,1,1,3,DIAMOND,756,4
1803026,10244404,sdv-pii-s0kiz,608,Germany,Female,36,5,0.0,2,1,0,135008.41,0,0,2,PLATINUM,582,0
15506062,3068923,sdv-pii-i3kat,642,Spain,Male,32,5,0.0,1,0,0,54083.23,0,0,2,PLATINUM,761,1
4739327,11903144,sdv-pii-11mf6,674,France,Male,52,5,532.77,2,1,1,72478.11,0,0,2,SILVER,538,1
6831179,15781514,sdv-pii-b4bru,583,Spain,Male,38,8,114326.13,1,0,0,64990.69,0,0,5,DIAMOND,478,1
1587659,13960646,sdv-pii-puni4,630,France,Male,33,5,0.0,2,1,0,80972.67,0,0,3,SILVER,867,1
6269128,5622367,sdv-pii-igc25,764,Germany,Female,47,5,119749.12,1,0,0,31293.26,1,1,4,PLATINUM,713,4
1569467,9002107,sdv-pii-ixcm0,556,Germany,Female,37,6,121317.99,3,1,0,165430.03,1,1,4,GOLD,974,4
13943412,9915473,sdv-pii-t4m1g,761,France,Female,37,9,120073.08,2,1,1,148531.08,0,0,1,PLATINUM,284,0
3864119,15254967,sdv-pii-4eo3i,575,France,Male,35,6,0.0,2,1,0,72728.91,0,0,2,SILVER,765,1
5740265,7300201,sdv-pii-hi37f,791,Spain,Male,50,5,125989.23,2,0,0,66091.14,0,0,5,PLATINUM,275,1
15117501,1228060,sdv-pii-ku587,595,France,Male,52,5,89299.97,2,1,1,28461.96,0,1,2,GOLD,841,1
9283073,15296342,sdv-pii-o6alk,849,France,Female,26,7,0.0,1,0,1,169240.44,0,0,4,SILVER,383,0
14397220,8204439,sdv-pii-qtfi1,469,France,Female,41,8,0.0,2,1,0,108192.95,0,0,4,SILVER,509,0
13713910,5042212,sdv-pii-zdhpe,673,Spain,Male,71,2,133645.8,2,1,0,126310.35,1,0,3,GOLD,843,1
3496132,14634576,sdv-pii-ovjwa,801,Spain,Male,54,3,1226.71,2,1,1,127694.17,0,0,2,PLATINUM,283,1
1834147,11142307,sdv-pii-bmjoo,788,Germany,Female,54,8,85821.37,1,1,1,190836.88,0,0,1,DIAMOND,402,0
15004588,8715842,sdv-pii-5jk0r,756,Spain,Male,33,5,1252.58,2,1,0,44997.97,0,0,4,GOLD,783,1
14500691,8783276,sdv-pii-ejnih,521,Spain,Female,31,7,0.0,2,1,0,97585.65,0,0,1,DIAMOND,880,0
420025,14161519,sdv-pii-2qg82,546,Spain,Female,26,1,85938.69,2,1,0,71599.45,0,0,1,PLATINUM,275,0
15983185,261404,sdv-pii-kajyc,566,Germany,Female,72,8,109290.12,1,0,0,147696.72,1,1,4,SILVER,290,4
8375603,10504148,sdv-pii-lxn8n,510,Germany,Female,50,6,140963.22,2,0,1,22062.46,1,1,1,DIAMOND,293,4
16666581,12060404,sdv-pii-fe7bk,799,Spain,Female,41,4,2287.95,2,1,0,11349.1,1,1,5,SILVER,833,4
12105458,4163374,sdv-pii-84pca,619,Germany,Female,67,8,107742.57,1,1,1,181576.47,1,1,2,DIAMOND,657,4
5256422,12602434,sdv-pii-ij9re,770,Germany,Female,32,8,0.0,2,0,0,147879.02,0,0,3,DIAMOND,690,3
14632478,13441165,sdv-pii-oawvy,618,Germany,Male,52,8,133368.51,2,1,1,156938.27,0,0,1,GOLD,406,1
16273919,13695338,sdv-pii-4tpl8,629,Spain,Male,29,6,0.0,2,1,1,30021.75,0,0,3,DIAMOND,540,1
3060589,7689957,sdv-pii-jywj4,603,Spain,Male,47,7,0.0,3,0,1,48909.39,1,1,3,DIAMOND,940,2
14206744,3130006,sdv-pii-fe1mx,616,France,Female,54,5,159554.81,1,0,0,30946.84,1,1,5,PLATINUM,377,2
984257,3780881,sdv-pii-r4xa8,673,Spain,Male,69,6,0.0,2,0,1,94989.01,0,0,1,SILVER,897,1
9225553,7220318,sdv-pii-fn8ig,582,Germany,Female,57,1,127185.7,1,0,1,76052.73,1,1,5,PLATINUM,591,4
15150990,2241135,sdv-pii-rdx7t,543,France,Female,52,8,86467.78,1,0,1,61372.91,1,1,1,GOLD,633,4
1854442,8148605,sdv-pii-sz84m,659,Spain,Female,46,9,0.0,2,0,0,115604.71,0,0,5,PLATINUM,854,0
13195667,6814000,sdv-pii-i1rke,829,France,Female,36,5,85902.89,3,0,1,104879.67,1,1,3,SILVER,481,4
700053,4208366,sdv-pii-wxrbh,543,France,Male,40,2,145130.53,3,1,1,116645.59,1,1,3,PLATINUM,313,2
6800238,9240169,sdv-pii-z2gcb,710,France,Male,54,9,0.0,2,0,0,37906.58,0,0,2,GOLD,879,3
4025234,13307024,sdv-pii-a5cu7,699,Spain,Male,25,1,103235.13,2,1,0,95259.56,0,0,4,PLATINUM,493,1
11042195,3442444,sdv-pii-2seqh,580,Germany,Female,46,4,127256.39,1,1,1,151188.7,0,0,1,PLATINUM,641,0
10737879,15979355,sdv-pii-89rks,795,France,Female,53,6,105527.35,1,1,0,48346.87,1,1,3,PLATINUM,673,2
14296472,11883913,sdv-pii-v3v6h,660,Spain,Female,45,9,103360.54,1,0,0,148951.49,1,1,4,DIAMOND,408,4
12947591,1474878,sdv-pii-jpvkj,564,Germany,Female,51,7,153284.37,2,0,0,125688.51,1,1,4,DIAMOND,282,4
7558920,14683517,sdv-pii-hcp2z,488,France,Male,45,6,146151.93,2,1,1,67469.75,0,0,4,DIAMOND,413,1
4737662,1036945,sdv-pii-ylzrb,596,Spain,Male,31,3,0.0,2,0,0,84520.92,0,0,1,GOLD,326,1
216294,3008509,sdv-pii-qqg2m,485,Spain,Male,45,8,148127.32,3,0,0,134104.44,1,1,1,DIAMOND,419,2
11234892,7454580,sdv-pii-6kkbb,524,France,Female,64,5,116541.12,1,1,0,87913.67,1,1,4,GOLD,305,4
4421609,946726,sdv-pii-erl6k,673,France,Female,49,8,120555.09,3,0,0,126634.52,1,1,4,PLATINUM,881,2
7588759,5807758,sdv-pii-fqwpo,598,Spain,Male,25,9,120902.81,1,0,1,170091.24,0,0,2,DIAMOND,709,1
9655462,341691,sdv-pii-la8pr,597,Spain,Female,27,6,95233.23,1,0,0,57851.0,0,0,5,DIAMOND,678,0
3158954,4155685,sdv-pii-g40b9,543,Germany,Male,45,4,125617.19,1,1,0,34654.46,1,1,2,DIAMOND,988,4
5073834,12319113,sdv-pii-aa7bf,630,France,Female,34,2,0.0,2,1,1,133671.93,0,0,3,SILVER,456,0
16629090,5954648,sdv-pii-gsjut,615,Germany,Male,21,5,112508.52,1,0,0,86742.13,0,0,1,SILVER,615,3
11772308,8444835,sdv-pii-gf4ip,657,Germany,Female,41,6,179885.18,3,1,0,33454.21,1,1,4,PLATINUM,980,4
3874366,9152819,sdv-pii-qncs7,549,Germany,Female,58,5,132669.27,2,0,0,127253.51,0,0,3,DIAMOND,482,3
10093958,9227672,sdv-pii-56imd,506,France,Male,40,0,120139.79,2,1,0,110689.74,0,0,2,GOLD,316,1
15364976,4089002,sdv-pii-1dw3d,712,France,Male,64,6,0.0,2,1,0,100650.8,1,1,2,SILVER,611,2
2100853,3292983,sdv-pii-f4wq6,801,Spain,Female,49,6,89845.1,2,0,1,56593.59,0,0,3,GOLD,483,0
4897230,6232887,sdv-pii-0wbex,528,Spain,Female,35,1,81269.21,1,1,1,135059.3,0,0,5,GOLD,903,0
4668599,955199,sdv-pii-smxum,718,Spain,Male,33,4,0.0,2,1,1,48784.43,0,0,1,DIAMOND,489,1
3789173,12532773,sdv-pii-hzaa5,569,Spain,Female,42,9,149915.51,3,0,1,54170.24,1,1,4,PLATINUM,946,2
5040536,10599735,sdv-pii-qrl9s,571,France,Female,60,1,138741.42,1,1,1,120231.52,0,0,1,PLATINUM,221,0
12730376,13834874,sdv-pii-gffpz,797,Spain,Female,23,5,126842.26,2,1,1,164180.4,0,0,4,GOLD,312,0
2859450,2006779,sdv-pii-2nu3j,590,France,Male,30,8,99352.6,1,0,0,34534.63,0,0,3,PLATINUM,565,3
3259234,15587929,sdv-pii-6nh8l,691,France,Male,29,5,0.0,2,1,1,50147.62,0,0,4,GOLD,294,1
14578204,8785013,sdv-pii-mjdqw,563,Germany,Male,43,5,192.24,1,0,1,145120.38,0,0,4,SILVER,891,1
8851984,6170755,sdv-pii-4npf8,629,Germany,Female,47,5,124720.82,2,0,1,60050.84,0,0,2,GOLD,766,0
647470,6224421,sdv-pii-cr62g,582,Spain,Male,31,5,95936.18,2,1,1,99421.08,0,0,2,GOLD,991,1
2536885,1063539,sdv-pii-aky37,831,France,Male,30,8,122640.1,2,1,1,80875.04,0,0,2,SILVER,803,1
15479091,16769490,sdv-pii-b3jaa,634,Spain,Male,23,3,434.48,1,1,0,74873.63,0,0,1,PLATINUM,823,1
6002312,12249205,sdv-pii-fon1i,601,Germany,Female,35,3,105621.15,2,1,0,69613.69,0,0,1,DIAMOND,242,0
1234401,635810,sdv-pii-ys8i2,537,Germany,Female,56,5,125170.99,1,0,0,21303.54,1,1,4,DIAMOND,914,4
16607507,4711329,sdv-pii-fgcuf,720,France,Female,29,7,129506.13,1,0,1,146398.5,0,0,2,DIAMOND,930,3
2566815,16403409,sdv-pii-e35nh,625,France,Male,36,5,91236.2,2,0,0,35184.0,0,0,3,DIAMOND,619,3
5644178,7462661,sdv-pii-1svkt,580,Spain,Male,23,1,990.05,2,1,0,195446.1,0,0,3,DIAMOND,486,1
7820085,11954045,sdv-pii-m8eg2,529,France,Female,27,7,0.0,2,1,1,99422.61,0,0,5,DIAMOND,514,0
7196234,1505153,sdv-pii-ci37b,799,Spain,Female,32,8,0.0,2,1,0,71239.51,0,0,3,DIAMOND,853,0
14239435,12790901,sdv-pii-pwpac,599,Spain,Female,49,8,748.25,2,0,1,134941.93,0,0,4,PLATINUM,891,0
2575790,11402490,sdv-pii-njove,501,Germany,Female,38,7,141455.66,1,1,0,84551.77,0,0,3,DIAMOND,336,0
9155075,12489332,sdv-pii-lmikb,547,Spain,Female,44,10,114249.33,2,0,1,58163.89,1,1,2,PLATINUM,869,2
9433550,5456240,sdv-pii-tbwci,726,Germany,Female,54,8,113886.47,1,0,0,33596.37,0,0,4,DIAMOND,804,3
13084460,1882290,sdv-pii-nmza1,666,France,Female,67,6,106100.29,1,1,0,181029.19,0,0,2,PLATINUM,513,0
8201988,15168813,sdv-pii-vy7f9,728,Germany,Female,45,7,140547.8,1,0,0,114408.93,1,1,4,GOLD,754,4
7082743,1130000,sdv-pii-34qrv,747,France,Female,51,3,140550.71,1,1,1,158274.64,1,1,3,PLATINUM,582,2
12018529,13748191,sdv-pii-qs32t,536,Spain,Male,30,9,0.0,2,0,0,42698.58,0,0,4,SILVER,284,1
12831368,4069492,sdv-pii-p3pie,559,France,Female,49,3,132658.87,1,0,0,90811.45,0,0,4,SILVER,613,3
1587033,13444261,sdv-pii-8tki7,701,Germany,Male,29,9,137822.0,2,1,0,170668.86,0,0,1,PLATINUM,759,1
3079585,13214523,sdv-pii-z3pea,764,Germany,Female,28,2,78061.24,2,0,0,109642.9,0,0,5,PLATINUM,913,0
9288056,2812119,sdv-pii-towbl,729,Spain,Female,43,5,129309.47,2,1,0,49971.5,0,0,5,SILVER,234,0
11539110,6094020,sdv-pii-vpkqp,571,Spain,Male,50,5,127165.89,1,0,0,70761.31,0,0,1,PLATINUM,903,1
966961,15746802,sdv-pii-2ftzs,534,Spain,Female,32,3,135050.09,1,0,0,85130.89,0,0,2,PLATINUM,383,0
13494025,13315983,sdv-pii-a22xa,676,France,Male,35,4,1477.96,2,1,0,19442.54,1,1,3,DIAMOND,615,2
1447965,145548,sdv-pii-jvngw,652,Germany,Female,50,8,129969.88,3,0,0,54923.4,1,1,3,DIAMOND,765,4
209423,12735756,sdv-pii-fvq81,658,Germany,Female,47,9,127119.43,3,0,0,54740.47,1,1,4,PLATINUM,643,4
3474332,3357034,sdv-pii-bn6rv,571,France,Male,42,8,128229.07,1,0,0,32015.49,0,0,1,DIAMOND,665,3
2227648,10135355,sdv-pii-i58rg,658,Spain,Female,51,7,143378.54,1,0,1,67492.09,0,0,3,SILVER,509,0
12717905,3851057,sdv-pii-2nu6r,499,France,Female,53,2,217.55,2,1,1,102007.39,0,0,4,PLATINUM,455,0
736161,9877727,sdv-pii-l594w,562,France,Female,38,7,154883.82,1,0,1,9947.71,1,1,2,SILVER,834,4
7012232,12185704,sdv-pii-jqrjl,549,France,Female,44,4,119387.92,1,0,0,196472.71,0,0,4,PLATINUM,839,3
16012238,5242901,sdv-pii-id2xv,637,France,Female,47,5,134203.79,3,0,0,161020.26,1,1,4,PLATINUM,863,2
2450458,12651041,sdv-pii-qhdtz,727,France,Female,32,4,138926.46,2,1,0,78803.17,0,0,1,DIAMOND,302,3
7832043,6083472,sdv-pii-bme7u,752,Germany,Female,46,5,122355.82,2,1,0,172323.34,1,1,3,PLATINUM,823,4
8702517,3438058,sdv-pii-az9bl,688,France,Male,54,6,132082.96,2,0,1,11.58,1,1,5,DIAMOND,966,2
11106599,13280142,sdv-pii-5a7fl,536,Germany,Male,42,8,108526.77,1,1,0,32539.21,1,1,5,DIAMOND,884,4
16522634,2440107,sdv-pii-sdcvo,592,Germany,Female,53,6,148342.81,3,1,1,59466.32,1,1,4,GOLD,297,4
14403403,2664894,sdv-pii-dg153,610,Germany,Female,47,10,128827.79,1,1,0,26326.04,1,1,3,SILVER,421,4
73220,9385595,sdv-pii-a8w0n,575,Spain,Female,34,3,139556.27,1,0,1,145677.93,0,0,3,SILVER,420,0
1625781,10531735,sdv-pii-a6sjr,572,France,Female,52,5,111117.35,4,1,0,85332.22,1,1,1,DIAMOND,644,4
13894346,7495267,sdv-pii-zphx0,690,France,Female,32,8,111174.16,2,0,0,138431.13,1,1,2,GOLD,991,4
11848450,10334164,sdv-pii-9dx76,532,Germany,Female,33,8,130902.12,2,0,1,154124.17,0,0,5,PLATINUM,949,0
15491335,10343501,sdv-pii-62yc1,498,France,Male,58,6,0.0,4,0,0,139447.76,1,1,3,SILVER,247,2
2702017,3367,sdv-pii-mgo5i,524,Germany,Male,39,8,85404.43,1,1,1,41172.84,0,0,4,GOLD,406,1
3662360,503285,sdv-pii-v94wn,535,France,Female,36,9,99038.68,2,1,1,169308.05,1,1,4,PLATINUM,450,2
1753847,3175211,sdv-pii-l6lle,572,France,Female,34,8,0.0,2,0,0,102018.45,0,0,2,GOLD,765,3
14063469,10701574,sdv-pii-il8dx,630,France,Female,36,9,131338.78,1,1,1,52222.9,0,0,5,PLATINUM,440,0
2008374,7850911,sdv-pii-32wcw,647,France,Male,59,8,135485.58,3,0,0,66387.49,1,1,3,DIAMOND,330,2
9528457,3297018,sdv-pii-lb71v,752,France,Male,51,6,111157.15,4,1,0,103212.17,1,1,4,SILVER,844,2
4302166,1805889,sdv-pii-8b158,710,Germany,Male,41,8,163459.55,2,0,1,34634.79,1,1,3,GOLD,364,4
5897189,582489,sdv-pii-j592l,587,Spain,Female,28,2,0.0,2,1,0,149058.32,0,0,4,PLATINUM,289,0
8498384,6969266,sdv-pii-vwg0w,729,Spain,Male,45,1,1262.84,1,0,0,120173.27,0,0,3,DIAMOND,577,1
1800278,7319527,sdv-pii-5rlbz,557,Germany,Female,67,8,126288.91,1,0,0,131467.9,0,0,1,SILVER,691,3
10299817,13192460,sdv-pii-olvfp,486,Spain,Male,32,9,0.0,2,0,1,39228.19,0,0,3,PLATINUM,571,1
11368490,2869364,sdv-pii-31dma,575,France,Female,68,9,128598.42,4,0,0,146547.63,1,1,5,DIAMOND,953,4
7521910,10037228,sdv-pii-z9vwn,727,France,Male,37,9,126983.72,2,0,1,8376.94,0,0,2,SILVER,253,3
7537833,3672383,sdv-pii-5soc9,598,Spain,Female,40,3,0.0,2,0,1,31637.27,0,0,4,SILVER,511,0
2119281,12783841,sdv-pii-jap31,610,France,Female,41,8,0.0,2,0,1,50034.41,0,0,1,SILVER,965,3
6144881,1218052,sdv-pii-xiqum,620,Spain,Female,30,5,1105.43,1,1,1,44759.78,0,0,5,GOLD,854,0
2981521,1479680,sdv-pii-9ckmg,791,Germany,Female,30,4,113475.78,1,1,1,194341.47,0,0,3,SILVER,800,0
870555,11779761,sdv-pii-xdiyh,660,Spain,Female,26,8,110970.39,2,0,0,37574.99,0,0,2,PLATINUM,417,0
3160451,5279570,sdv-pii-x1i0p,677,Germany,Male,55,5,113371.17,1,1,1,67006.54,1,1,4,GOLD,456,4
16118708,2739581,sdv-pii-jf3vx,609,Spain,Female,28,8,1144.06,2,1,1,95837.92,0,0,5,DIAMOND,415,0
3005095,9455118,sdv-pii-3sv1y,707,France,Male,29,9,1203.59,2,1,0,37043.33,0,0,5,DIAMOND,529,1
6821644,10785283,sdv-pii-35nzg,801,Spain,Female,28,3,0.0,2,0,0,59797.61,0,0,5,SILVER,240,0
11728581,3868443,sdv-pii-8oihb,664,France,Female,27,1,0.0,1,0,0,8736.08,0,1,2,PLATINUM,646,3
4536720,4396566,sdv-pii-mueri,550,Spain,Female,51,8,121073.37,3,1,0,132567.44,1,1,4,SILVER,828,4
14616665,1164511,sdv-pii-35rp3,692,Germany,Female,44,10,112954.45,1,0,0,37138.05,1,1,1,PLATINUM,946,4
7960074,3452857,sdv-pii-rr82z,514,Spain,Female,24,9,106981.38,2,0,0,77513.88,0,0,3,PLATINUM,647,0
626067,8589253,sdv-pii-u4doo,840,Germany,Male,50,9,105442.88,1,1,1,17655.1,1,1,2,PLATINUM,347,2
5858606,6758664,sdv-pii-xkwp4,716,Spain,Female,37,8,191.15,2,0,1,56660.81,0,0,5,DIAMOND,889,0
2193047,3727836,sdv-pii-3wd0a,558,Spain,Female,37,9,95733.81,1,1,0,142119.41,0,0,5,PLATINUM,305,0
1562156,15584390,sdv-pii-b1a3a,730,Germany,Male,51,1,127113.66,2,1,0,161722.84,0,0,3,GOLD,368,1
6629243,13622419,sdv-pii-eswb8,571,France,Female,40,8,100538.58,1,1,1,50398.03,1,1,3,DIAMOND,889,4
12222549,16389912,sdv-pii-t80sl,588,Spain,Male,22,1,0.0,2,1,0,76914.98,0,0,1,GOLD,292,1
9477579,3848581,sdv-pii-iyurz,722,Spain,Female,52,3,90162.67,2,0,1,130875.2,1,1,3,PLATINUM,690,2
2808922,15448536,sdv-pii-fcrws,783,France,Female,55,6,107867.52,1,0,1,67689.52,0,0,4,DIAMOND,868,3
13470150,14851871,sdv-pii-66m1u,593,Spain,Female,24,9,342.01,2,1,0,52649.04,0,0,3,DIAMOND,773,0
4664861,16766780,sdv-pii-hxk0k,621,Spain,Female,35,3,0.0,2,1,0,93322.27,0,0,1,SILVER,231,0
2598137,3220371,sdv-pii-q2bpf,786,Germany,Female,27,5,121916.58,2,0,0,99672.56,0,0,3,DIAMOND,259,3
1531833,11435068,sdv-pii-d2iwt,456,Germany,Female,45,8,149894.7,2,0,0,157029.69,1,1,3,PLATINUM,737,4
7163678,5342662,sdv-pii-qhz36,582,France,Male,24,4,0.0,1,0,0,125086.0,0,0,5,DIAMOND,831,3
6139824,3238833,sdv-pii-9qycp,719,Germany,Female,39,1,116508.17,3,0,1,185763.01,1,1,3,SILVER,500,4
14563346,916803,sdv-pii-edciu,527,France,Male,39,1,122309.7,1,0,0,100050.2,1,1,4,PLATINUM,588,2
4786422,14167077,sdv-pii-cppwc,520,Spain,Male,53,5,1000.42,1,1,0,48602.04,1,1,5,PLATINUM,361,2
1517700,8421883,sdv-pii-akn75,533,France,Female,26,2,662.22,2,0,1,113267.62,0,0,5,PLATINUM,814,0
9246390,7050481,sdv-pii-q8nk4,656,Germany,Female,43,8,153606.42,4,1,0,177040.53,1,1,3,DIAMOND,453,4
13524308,16399331,sdv-pii-qx9n4,751,Germany,Male,61,3,106457.19,1,0,0,40949.75,0,0,3,DIAMOND,841,3
2045838,9733762,sdv-pii-rat77,541,Spain,Female,28,4,89509.03,1,1,0,160276.24,0,0,5,DIAMOND,559,0
6211626,1932466,sdv-pii-9z799,719,Spain,Female,33,7,155777.93,2,0,1,113688.01,0,0,4,PLATINUM,283,0
1188771,4389787,sdv-pii-qcc48,569,Spain,Female,38,5,114785.54,2,0,0,39221.17,1,1,3,DIAMOND,647,4
5507560,9981151,sdv-pii-g4fua,586,Germany,Female,45,8,76623.97,3,1,0,6511.46,1,1,4,SILVER,355,4
11791467,2697580,sdv-pii-cuqu5,569,Spain,Male,40,5,168.35,2,1,0,9424.74,0,0,5,GOLD,949,1
6886632,10012959,sdv-pii-8121x,595,France,Female,47,5,0.0,1,0,0,102429.79,0,0,5,PLATINUM,293,3
9695186,3604435,sdv-pii-gyjuy,555,Spain,Female,29,3,0.0,2,0,1,158759.67,0,0,3,PLATINUM,541,0
13601046,11178370,sdv-pii-otl9h,705,Germany,Male,29,4,118877.23,2,1,0,10840.7,0,0,3,GOLD,320,1
6479143,14622298,sdv-pii-p2m0u,662,France,Female,33,2,0.0,2,1,1,102047.75,0,0,3,SILVER,748,0
7982654,15500594,sdv-pii-zr0ql,677,France,Female,39,8,0.0,2,0,0,43511.17,0,0,5,PLATINUM,990,3
6326732,7633130,sdv-pii-cygf0,709,Spain,Female,26,6,308.87,2,0,1,9030.15,0,0,5,DIAMOND,290,0
4691141,6677956,sdv-pii-wu58c,569,Germany,Female,51,9,131363.77,1,0,0,51304.63,0,0,5,DIAMOND,791,3
9260102,14328371,sdv-pii-u54ju,542,Germany,Female,48,5,105668.49,3,0,0,86378.65,1,1,3,DIAMOND,554,4
12721332,11254983,sdv-pii-vb1gt,823,Spain,Female,24,3,0.0,2,1,1,137626.77,0,0,2,DIAMOND,424,0
7125647,12206602,sdv-pii-oyfvr,768,Germany,Female,57,7,148171.01,1,0,1,138449.73,1,1,4,PLATINUM,271,4
8298251,6443619,sdv-pii-6my9y,657,France,Male,38,4,0.0,1,1,1,94558.26,0,0,2,PLATINUM,933,1
9486091,843241,sdv-pii-s5rhn,622,Germany,Female,53,9,111662.82,1,0,0,121518.15,1,1,5,PLATINUM,377,4
1182324,10930732,sdv-pii-ebv8o,689,Spain,Male,41,10,0.0,2,1,1,59601.52,0,0,3,DIAMOND,617,1
10599551,306418,sdv-pii-snfkw,540,Germany,Female,39,8,114155.93,3,0,1,93724.73,1,1,4,SILVER,896,4
12068641,15254861,sdv-pii-n8720,660,Spain,Female,40,8,106308.73,2,1,1,65091.77,0,1,2,DIAMOND,282,0
2551909,5858953,sdv-pii-qpav3,547,Spain,Male,31,7,680.26,2,0,0,13081.7,0,0,5,DIAMOND,490,1
4247211,2750026,sdv-pii-38nn0,762,Spain,Male,50,8,1546.13,2,1,0,112839.51,1,1,3,DIAMOND,484,2
12990083,14418136,sdv-pii-aosug,530,Spain,Female,44,3,174047.37,1,0,1,156421.25,0,0,4,SILVER,610,0
11662910,3495284,sdv-pii-2s1kh,681,Spain,Male,30,9,140829.59,2,1,0,68721.49,0,0,1,DIAMOND,988,1
4592959,7230532,sdv-pii-837sn,589,France,Male,35,4,0.0,2,1,1,199992.48,0,0,4,SILVER,255,1
10449278,1029593,sdv-pii-70jis,556,Spain,Male,31,5,0.0,2,1,1,62776.33,0,0,2,SILVER,370,1
9404152,2058643,sdv-pii-a5ze8,615,Spain,Male,25,6,0.0,2,1,1,21562.25,0,0,3,GOLD,383,1
6157822,5360730,sdv-pii-bsunv,687,Spain,Female,34,9,0.0,1,0,1,4872.09,1,0,4,PLATINUM,960,0
12638231,446824,sdv-pii-zkui7,809,Spain,Male,28,8,0.0,2,0,1,176827.44,0,0,4,PLATINUM,292,1
10267441,2145544,sdv-pii-5nltk,671,Spain,Female,54,10,418.47,2,0,1,171624.48,1,1,3,DIAMOND,909,4
3439478,3038153,sdv-pii-ywq5q,570,France,Male,45,6,0.0,2,0,0,64861.33,0,0,2,PLATINUM,920,3
12649777,8259639,sdv-pii-maz7u,659,Spain,Female,30,9,0.0,2,1,0,87340.62,0,0,1,SILVER,249,0
15143133,10432795,sdv-pii-agduz,762,Spain,Male,42,5,116790.3,2,0,0,61435.33,0,0,3,DIAMOND,491,1
3562869,13202642,sdv-pii-v1ulh,552,France,Male,47,8,103047.8,2,1,1,87299.96,0,0,5,GOLD,607,1
11964,3755760,sdv-pii-cybdf,808,Spain,Male,27,5,0.0,1,0,1,67713.07,0,0,2,SILVER,639,1
7518344,4057211,sdv-pii-1x1dx,731,Spain,Female,51,6,0.0,3,1,0,192475.85,1,1,2,PLATINUM,817,2
15285161,6484850,sdv-pii-ws664,565,Spain,Male,39,7,110350.84,1,1,1,147992.11,0,0,2,DIAMOND,655,1
15377975,11966019,sdv-pii-4oduq,618,France,Male,58,10,129938.69,3,1,0,42784.14,1,1,3,PLATINUM,281,2
9870993,12827925,sdv-pii-kv2w1,616,France,Female,27,8,1754.55,2,1,1,195124.56,0,0,4,DIAMOND,783,0
13775752,175063,sdv-pii-upsyy,779,France,Male,29,4,95.85,1,1,0,158024.67,0,0,1,PLATINUM,316,1
9444706,1956483,sdv-pii-clmqm,808,Germany,Female,35,5,134453.7,2,1,0,48426.52,0,0,4,PLATINUM,958,0
10660117,1736337,sdv-pii-wd8ca,522,France,Male,37,5,151784.34,3,0,0,37725.74,1,1,5,PLATINUM,944,2
38091,14769350,sdv-pii-363tt,476,Spain,Male,29,10,115964.09,2,0,0,69152.23,0,0,3,DIAMOND,887,1
1767260,9887351,sdv-pii-4s3kb,571,France,Male,51,2,163202.74,1,1,1,114627.6,0,0,2,DIAMOND,607,1
9949508,4477890,sdv-pii-q7jsf,524,Germany,Female,36,3,121347.45,2,1,1,63646.91,0,0,3,PLATINUM,803,0
16486418,4696565,sdv-pii-y9zqh,592,Germany,Female,44,7,91377.69,1,1,1,45716.03,1,1,3,PLATINUM,574,4
2681307,15010611,sdv-pii-bxo87,516,Germany,Male,52,5,141694.57,2,0,0,46416.13,0,0,1,PLATINUM,770,3
2398787,4126619,sdv-pii-x8dyd,568,Spain,Female,40,8,115857.55,2,0,0,5232.4,0,0,1,GOLD,521,0
11452620,1505901,sdv-pii-go4xg,804,France,Female,70,7,112432.05,1,0,0,71094.36,1,1,2,DIAMOND,767,4
1754530,5315147,sdv-pii-39608,706,France,Female,44,10,95425.77,3,1,0,107082.13,1,1,4,DIAMOND,679,4
7897085,11440275,sdv-pii-qe6np,746,Spain,Male,33,5,567.12,2,1,0,141165.34,0,0,2,GOLD,237,1
3623578,3029160,sdv-pii-r3kmv,667,Germany,Male,59,9,140340.31,2,0,1,35420.77,0,0,2,DIAMOND,458,3
14185912,6204991,sdv-pii-7h3vk,584,Spain,Male,43,8,95091.94,1,0,0,63433.25,1,1,4,DIAMOND,438,2
8777878,6759251,sdv-pii-ohrli,558,France,Female,32,1,550.89,2,0,0,42877.94,0,0,5,DIAMOND,321,3
14701625,12569164,sdv-pii-4ii8q,761,France,Female,55,3,127806.3,1,1,0,112259.16,1,1,3,SILVER,866,4
16587211,8305048,sdv-pii-itxpk,607,France,Male,34,5,0.0,2,0,1,36189.92,0,0,2,PLATINUM,601,1
9011301,11858718,sdv-pii-ljpme,717,France,Male,23,3,1095.49,2,1,0,9171.41,0,0,4,DIAMOND,837,1
4238648,16774965,sdv-pii-jjerl,762,Spain,Female,26,6,0.0,2,1,0,83247.59,0,0,3,PLATINUM,826,0
14842433,608892,sdv-pii-qjc41,622,Spain,Female,29,3,1053.62,1,1,1,120864.8,0,0,5,PLATINUM,530,0
12899861,15376579,sdv-pii-boa71,610,France,Female,43,9,141.04,2,1,1,50020.19,0,0,5,PLATINUM,855,0
7562246,10262571,sdv-pii-vg216,673,Spain,Male,47,5,68168.17,1,0,0,86438.59,1,1,4,PLATINUM,276,2
11265242,9688613,sdv-pii-kgahu,476,France,Male,25,6,796.05,2,1,1,53829.0,0,0,2,SILVER,360,1
2858283,5034046,sdv-pii-lrfk1,850,France,Female,44,5,194.76,2,0,1,64986.38,0,0,4,PLATINUM,895,0
3571188,9085721,sdv-pii-7ofwj,758,Spain,Female,31,9,110897.56,2,0,0,55341.3,0,0,3,DIAMOND,398,0
2674278,6226140,sdv-pii-2mcpg,580,Spain,Male,51,4,105716.47,2,1,0,15626.14,1,0,2,GOLD,287,1
16383125,5933570,sdv-pii-mundh,676,Spain,Male,62,6,819.59,2,0,1,96427.37,1,0,3,PLATINUM,313,1
11005625,15208389,sdv-pii-4kxb8,641,Spain,Female,33,4,124370.16,1,0,0,22422.05,0,0,1,SILVER,762,0
973471,1927485,sdv-pii-wkx0l,601,France,Female,31,3,108053.71,1,1,0,47721.26,1,0,3,PLATINUM,304,2
15351564,11911262,sdv-pii-buyak,512,Germany,Female,39,2,148899.47,1,0,0,149953.22,0,0,3,DIAMOND,360,3
1617462,7477931,sdv-pii-vq51l,496,Germany,Female,40,1,120531.86,1,1,1,41205.21,0,1,2,DIAMOND,742,4
10130206,1859596,sdv-pii-yep1s,531,France,Female,36,7,110403.06,1,0,0,185182.85,0,0,3,PLATINUM,362,3
8175223,6042614,sdv-pii-dvf8k,778,Germany,Female,23,3,126821.88,2,1,0,40646.29,0,0,2,PLATINUM,865,0
12431536,9197001,sdv-pii-61gqb,587,Spain,Male,29,9,122760.65,1,1,0,131563.83,0,0,2,GOLD,719,1
15747118,11711358,sdv-pii-v98es,697,Spain,Female,38,5,703.51,3,1,0,17908.41,1,1,3,PLATINUM,603,2
5843602,358039,sdv-pii-2mvb8,513,France,Male,27,8,126.86,2,0,1,142534.7,0,0,4,PLATINUM,328,1
10656780,6049811,sdv-pii-jbcw1,584,Spain,Female,62,1,472.82,2,0,0,73125.19,0,0,4,DIAMOND,389,0
9351509,15015586,sdv-pii-fg9x3,703,France,Female,41,5,131263.98,2,1,1,115250.26,0,0,3,PLATINUM,453,0
475966,2925145,sdv-pii-rx0rg,850,France,Male,49,6,77347.31,2,1,0,50957.81,0,0,4,PLATINUM,396,1
8840807,15147235,sdv-pii-wx2ek,612,France,Male,37,5,114308.46,2,1,1,107672.2,1,1,2,PLATINUM,870,2
11694770,11899371,sdv-pii-aw4gh,579,France,Male,52,10,902.17,1,0,1,93614.49,0,1,2,PLATINUM,617,2
15817354,177818,sdv-pii-4o844,623,Spain,Female,40,10,0.0,2,0,1,66204.16,0,0,3,DIAMOND,425,0
5350700,8907363,sdv-pii-cjfmg,500,Spain,Male,26,9,115863.29,2,1,1,129118.98,0,0,5,GOLD,900,1
11516851,10544151,sdv-pii-kdpno,521,France,Male,33,10,113825.78,2,1,0,38693.49,0,0,3,PLATINUM,844,1
4287793,15925251,sdv-pii-56axx,680,Spain,Male,24,6,0.0,2,1,0,70615.37,0,0,2,SILVER,757,1
223030,15168628,sdv-pii-3q369,468,France,Male,38,2,1320.31,4,0,0,72982.07,1,1,4,DIAMOND,409,2
14627297,16235566,sdv-pii-x6chb,668,Spain,Female,33,9,143510.62,3,0,1,126674.17,1,1,1,DIAMOND,302,4
9049249,11964601,sdv-pii-x8lgl,795,France,Female,27,1,385.62,2,0,1,194634.25,0,0,3,PLATINUM,852,0
8412357,12741058,sdv-pii-6jscm,593,Spain,Female,34,8,1031.18,2,1,0,185601.33,0,0,3,DIAMOND,503,0
2689847,10472538,sdv-pii-zpvcf,696,Germany,Female,51,6,109467.63,4,0,0,123386.25,1,1,3,DIAMOND,715,4
9071261,2466717,sdv-pii-fef4u,545,Germany,Female,33,8,119595.75,1,1,0,83463.63,0,0,4,GOLD,845,0
16399651,1527546,sdv-pii-0gdme,600,Germany,Female,41,5,105242.46,2,1,1,50789.74,0,0,3,SILVER,365,0
11804438,13684250,sdv-pii-do6oa,705,Spain,Male,28,8,557.07,2,1,1,122581.59,0,0,2,DIAMOND,521,1
3306945,15728467,sdv-pii-tvtln,644,Spain,Female,32,3,0.0,2,0,1,193720.19,0,0,2,PLATINUM,713,0
2859331,5119336,sdv-pii-a48t6,478,France,Female,55,7,142032.15,1,0,0,21998.58,1,1,4,DIAMOND,823,4
3567137,1161184,sdv-pii-ddtwh,779,France,Female,49,0,0.0,2,1,0,11234.44,0,0,5,DIAMOND,615,3
12334536,8399787,sdv-pii-9vppz,549,France,Female,46,9,0.0,2,0,1,60990.08,0,0,4,GOLD,618,0
3100420,535400,sdv-pii-nu4l7,607,Germany,Male,25,5,0.0,2,0,0,39793.01,0,0,2,DIAMOND,861,3
12161185,12340053,sdv-pii-pcevs,802,Spain,Male,44,5,162.66,2,1,0,154037.96,0,0,4,DIAMOND,267,1
3907263,7006121,sdv-pii-qbnk2,717,France,Male,62,3,82606.11,3,0,0,172670.71,1,1,3,PLATINUM,507,2
5496841,211279,sdv-pii-gwwce,690,Spain,Female,40,1,99992.39,2,0,0,67404.13,0,0,5,PLATINUM,858,0
8354049,7767982,sdv-pii-w8h3a,668,Germany,Male,50,8,147580.36,3,0,1,14162.22,1,1,2,DIAMOND,914,4
968659,4641889,sdv-pii-w2nvx,612,France,Male,46,6,137813.88,1,1,0,62049.63,0,1,2,DIAMOND,611,3
2700912,15102628,sdv-pii-o7ig5,549,Spain,Female,46,9,131289.37,4,1,0,73873.47,1,1,3,DIAMOND,929,4
12540008,12928089,sdv-pii-rdd1b,779,France,Male,39,5,0.0,2,0,0,20778.54,0,0,3,PLATINUM,796,3
13797093,14996794,sdv-pii-nh06n,710,Spain,Female,56,6,103.84,1,1,1,12028.9,0,0,3,SILVER,310,0
13877924,15888291,sdv-pii-d4ij7,639,France,Female,27,5,0.0,2,1,1,108845.77,0,0,2,GOLD,970,0
8013565,3036463,sdv-pii-0vejl,640,France,Male,31,10,0.0,2,0,0,100817.02,0,0,3,PLATINUM,885,3
12431538,13419917,sdv-pii-nk43e,631,Spain,Male,33,5,125083.98,2,0,1,56820.33,0,0,3,DIAMOND,451,1
5093141,16534411,sdv-pii-s4cg7,688,Spain,Male,51,5,0.0,2,0,0,49113.69,0,0,4,PLATINUM,447,1
11013791,1950406,sdv-pii-phaao,499,France,Female,41,2,131138.8,3,1,0,11.58,1,1,2,PLATINUM,811,2
16634099,6771011,sdv-pii-szu5j,759,France,Female,23,6,133194.04,1,1,1,66443.54,0,0,5,GOLD,895,0
5394751,5636579,sdv-pii-u7hwu,677,Spain,Male,40,2,147464.06,2,1,0,42606.29,0,0,3,PLATINUM,802,1
9129942,4673734,sdv-pii-tcrj7,733,Spain,Male,28,9,0.0,2,1,1,72814.27,0,0,3,PLATINUM,253,1
14637305,10549576,sdv-pii-b7jwu,761,Spain,Male,37,8,0.0,2,1,1,57485.58,0,0,5,DIAMOND,937,1
4834748,3630072,sdv-pii-2yjvh,634,France,Female,31,9,0.0,2,1,1,187777.0,0,0,4,PLATINUM,863,0
6090060,14781999,sdv-pii-y76jd,692,France,Female,41,9,117191.82,1,1,0,37275.78,1,1,3,DIAMOND,884,4
4615701,15866192,sdv-pii-fua84,648,France,Male,61,5,109909.95,4,1,0,54310.1,1,1,2,GOLD,914,2
16185759,13578686,sdv-pii-z5kyj,607,France,Female,61,6,0.0,2,0,1,136508.65,0,0,3,PLATINUM,984,0
15911478,9312526,sdv-pii-drzl8,655,France,Male,51,10,122778.04,2,0,0,10282.69,0,1,3,PLATINUM,296,2
1488518,15323288,sdv-pii-ds9xf,569,Germany,Female,67,8,129616.47,1,0,1,118695.1,1,1,3,PLATINUM,938,4
3976790,12111822,sdv-pii-xab1g,802,Spain,Female,45,7,131517.25,1,0,1,185543.57,0,0,4,PLATINUM,309,0
8598275,15071001,sdv-pii-bndzu,611,France,Female,42,3,0.0,2,0,1,162638.63,0,0,3,DIAMOND,458,3
4318120,13475606,sdv-pii-gtyn0,625,Germany,Male,51,8,126593.49,1,0,1,17669.58,1,1,4,DIAMOND,271,4
4841300,3183386,sdv-pii-euoxs,607,Spain,Male,34,9,0.0,2,1,1,106242.02,0,0,5,GOLD,737,1
373198,9378563,sdv-pii-xxa8c,561,France,Male,43,9,0.0,2,1,1,193520.51,0,0,1,PLATINUM,758,1
15636556,6728556,sdv-pii-f97dp,699,Germany,Female,53,9,115498.93,3,0,0,160189.77,1,1,1,GOLD,263,4
4669621,4235606,sdv-pii-bwy5c,651,Spain,Female,72,5,134061.26,1,0,1,99653.63,1,1,3,DIAMOND,335,4
5960699,5368091,sdv-pii-fnerg,650,France,Female,26,5,122400.23,2,0,1,48894.63,0,0,3,DIAMOND,570,3
12265095,15666896,sdv-pii-7zour,515,Germany,Female,55,3,67841.38,1,0,0,45560.89,1,1,4,DIAMOND,816,4
4420190,182797,sdv-pii-a1pyf,795,Spain,Male,26,1,122788.62,1,1,0,70871.9,0,0,4,DIAMOND,417,1
4284428,1795759,sdv-pii-6i2dy,793,France,Female,62,3,94677.96,1,0,0,153542.7,0,0,5,PLATINUM,437,3
13285812,10474737,sdv-pii-a2uvz,577,France,Female,26,9,0.0,3,1,0,44807.59,0,0,3,PLATINUM,587,0
6665744,10775940,sdv-pii-63ni3,561,France,Female,49,8,109556.21,1,0,0,131908.38,1,1,2,GOLD,484,4
6992895,371457,sdv-pii-dnxy5,610,France,Male,35,3,0.0,2,1,1,102437.13,0,0,3,SILVER,609,1
8779113,9206390,sdv-pii-evbkl,592,France,Female,40,8,0.0,2,1,0,13059.52,0,0,3,SILVER,445,0
7702987,506359,sdv-pii-394b4,796,Spain,Male,43,5,113774.85,1,1,1,33180.51,0,0,2,DIAMOND,583,1
12033742,12072736,sdv-pii-qovco,708,Spain,Male,34,8,0.0,2,0,0,87968.83,0,0,1,PLATINUM,919,1
11404066,13011254,sdv-pii-2k1dg,712,Spain,Male,25,5,75714.09,2,1,0,168969.88,0,0,3,GOLD,938,1
13169703,9824158,sdv-pii-uf04s,849,Germany,Male,49,1,146155.77,2,1,1,63587.7,0,0,1,DIAMOND,320,1
11683430,5322937,sdv-pii-19sp3,759,Germany,Female,20,5,143592.94,1,0,0,99613.64,0,0,2,DIAMOND,310,3
6566204,15503256,sdv-pii-vtucf,635,Spain,Female,62,5,111569.94,2,0,0,55685.71,1,1,2,DIAMOND,789,4
2747255,11224349,sdv-pii-ptc29,749,Germany,Female,27,10,466.86,2,1,1,134267.83,0,0,3,GOLD,676,0
15106817,4203684,sdv-pii-v6g0h,732,Germany,Female,39,3,116140.78,2,0,0,60524.48,0,0,3,DIAMOND,618,3
3601492,1068165,sdv-pii-24kb7,718,France,Female,53,1,125597.42,2,1,1,113116.4,1,1,3,SILVER,618,4
16594038,1890164,sdv-pii-qalym,508,France,Male,32,8,0.0,1,1,0,23484.23,0,0,2,PLATINUM,814,1
13259632,10001152,sdv-pii-ijyit,585,France,Male,38,2,799.9,4,1,0,100981.24,1,1,3,PLATINUM,320,2
16739939,5874451,sdv-pii-tvnjy,669,Germany,Female,43,9,142940.04,1,0,0,88001.34,0,0,5,DIAMOND,966,3
11251882,9950526,sdv-pii-0it9n,540,Spain,Male,43,6,153103.73,3,0,0,43778.6,1,1,4,PLATINUM,446,2
12245805,5743064,sdv-pii-g6utr,544,Germany,Female,52,8,98414.63,1,0,1,45319.21,1,1,5,PLATINUM,628,4
5106922,15541754,sdv-pii-9d2bf,791,France,Male,38,5,119590.92,2,1,1,130477.94,0,0,2,GOLD,369,1
12249725,6603766,sdv-pii-tv9ib,798,Spain,Female,34,9,0.0,2,1,1,88678.29,0,0,3,SILVER,476,0
38894,10159075,sdv-pii-s2apg,509,Germany,Female,27,9,116847.18,1,1,0,164004.96,0,0,4,DIAMOND,635,0
268040,16434200,sdv-pii-z2w0h,569,France,Male,50,7,102379.24,1,0,1,24947.57,0,0,4,PLATINUM,559,3
10276683,3636841,sdv-pii-vvrx7,675,Spain,Male,40,6,108982.19,2,1,0,165349.21,0,0,1,PLATINUM,687,1
172163,14352295,sdv-pii-s7p5a,601,Germany,Female,34,2,125368.33,2,1,1,100129.75,0,0,1,PLATINUM,815,0
5117322,8059897,sdv-pii-kcwum,702,France,Male,28,5,1180.73,2,0,0,157923.59,0,0,4,GOLD,637,3
4006918,3171645,sdv-pii-4xogc,555,France,Female,44,9,160794.51,1,0,1,46511.44,1,1,2,DIAMOND,592,4
1040354,2392700,sdv-pii-9vfqh,616,Spain,Female,28,4,107015.4,2,1,1,141213.95,0,0,4,DIAMOND,366,0
16530070,16545921,sdv-pii-iuuon,530,France,Female,37,5,145441.26,2,0,1,19320.33,0,0,2,SILVER,857,3
1829467,2356878,sdv-pii-3319c,665,Germany,Female,53,3,140944.88,1,1,1,136227.06,0,0,3,SILVER,754,0
15514988,10842135,sdv-pii-asjgs,566,France,Male,51,8,121745.95,1,0,0,110402.99,1,1,4,DIAMOND,553,2
6330586,2714524,sdv-pii-x3lpe,602,Germany,Male,36,2,135305.56,4,0,1,149639.25,1,1,2,PLATINUM,302,2
14536951,642212,sdv-pii-x3igw,567,France,Male,46,7,108236.85,2,1,1,48730.28,0,0,2,PLATINUM,840,1
2232522,15866127,sdv-pii-2wr76,652,Germany,Female,43,4,0.0,2,1,0,160098.3,0,0,2,GOLD,383,0
14596225,16665541,sdv-pii-sge56,623,France,Male,34,5,0.0,2,1,1,197353.92,0,0,5,SILVER,224,1
16239965,3651446,sdv-pii-p1ss5,561,Germany,Female,33,0,0.0,2,1,0,45169.14,0,0,5,PLATINUM,584,0
5392917,3972349,sdv-pii-525wd,572,Germany,Female,33,3,120895.39,1,0,1,19586.66,1,1,5,SILVER,960,4
9422037,14260811,sdv-pii-cnzda,557,Germany,Female,51,8,133662.56,1,1,0,189805.27,1,1,3,DIAMOND,408,4
15043674,4195498,sdv-pii-ibri0,574,Germany,Male,30,7,108456.0,1,1,1,99475.56,0,0,3,GOLD,730,1
9788651,3121914,sdv-pii-u0j26,725,Spain,Male,28,2,68795.81,2,1,0,20467.33,0,0,5,GOLD,456,1
15249924,1824356,sdv-pii-z4kcq,692,Germany,Female,56,5,95781.85,1,1,0,45284.41,1,1,5,PLATINUM,637,4
12395319,4180814,sdv-pii-h6u8u,674,France,Female,61,4,141082.82,1,1,1,89930.63,1,1,2,PLATINUM,902,2
1680799,14280815,sdv-pii-eu22g,546,Germany,Male,53,1,126610.76,1,0,0,42520.02,0,0,1,DIAMOND,822,3
7154143,15816493,sdv-pii-qb05w,568,France,Female,30,6,121531.74,1,1,1,104102.33,0,0,3,DIAMOND,759,0
3646919,4076303,sdv-pii-0pkq7,588,France,Male,26,8,0.0,2,0,0,143275.46,0,0,3,SILVER,393,3
820225,8194700,sdv-pii-d39ic,563,Spain,Male,43,7,131099.34,2,0,0,117666.51,0,0,3,DIAMOND,672,1
5202723,6492787,sdv-pii-a11ns,676,France,Female,58,5,109237.07,1,1,0,120954.1,1,1,4,PLATINUM,694,2
14597942,1251318,sdv-pii-p17xa,588,Spain,Male,38,7,0.0,1,0,1,38064.97,0,0,2,PLATINUM,912,1
11019068,9576497,sdv-pii-trsfj,642,Spain,Male,27,9,93194.79,1,1,1,120135.39,0,0,3,GOLD,831,1
16570784,1169746,sdv-pii-70dsy,593,Germany,Male,45,4,112314.71,1,1,0,67262.65,0,0,4,PLATINUM,348,1
6153094,1182361,sdv-pii-ki9ey,760,Germany,Female,24,8,121603.9,2,1,1,90327.18,0,0,1,GOLD,856,0
4946885,11481491,sdv-pii-ikvy6,520,France,Male,53,2,108546.12,2,1,0,93334.44,0,0,4,GOLD,329,1
11629760,15008222,sdv-pii-j2mxf,667,Spain,Female,40,3,139167.18,2,0,1,124791.03,0,0,2,DIAMOND,838,0
1520594,13531033,sdv-pii-rofjc,795,Spain,Male,30,7,132824.48,2,0,1,192858.65,0,0,5,PLATINUM,499,1
11705802,15675196,sdv-pii-xiuoq,571,Germany,Male,45,6,121483.58,2,1,1,138615.7,1,1,4,DIAMOND,271,4
1783421,5277753,sdv-pii-sck70,648,Germany,Female,63,5,129851.07,4,1,0,193732.18,1,1,1,PLATINUM,473,4
1499743,6437670,sdv-pii-au8ay,651,France,Female,41,0,135475.11,1,0,0,48241.59,1,1,3,DIAMOND,609,4
16232930,3873834,sdv-pii-mvquj,589,France,Female,24,3,76524.08,1,1,0,6892.25,0,0,1,PLATINUM,286,0
2817839,1382807,sdv-pii-8ljr5,751,France,Male,31,9,0.0,1,1,1,71993.92,0,0,3,PLATINUM,251,1
10823109,9714882,sdv-pii-7qtv3,698,France,Female,31,1,741.2,1,0,0,142334.73,0,0,5,SILVER,446,3
4808214,7536821,sdv-pii-5osfq,565,France,Female,36,8,0.0,2,1,0,59233.39,0,0,2,PLATINUM,874,0
4085879,4009912,sdv-pii-sqhjp,684,France,Male,48,9,112032.62,1,0,0,65008.53,1,1,2,SILVER,693,2
1080254,5663292,sdv-pii-hplef,722,Germany,Female,44,8,128316.39,2,1,0,129723.52,1,1,4,PLATINUM,549,4
4136218,11413451,sdv-pii-4g3my,745,Spain,Male,30,3,870.42,2,0,0,6440.74,0,0,5,SILVER,278,1
289686,2884416,sdv-pii-7i6lf,666,Germany,Female,64,8,97181.33,1,1,1,53877.19,1,1,2,PLATINUM,797,4
1064258,15544885,sdv-pii-x769n,600,Germany,Female,60,5,61431.5,1,1,1,132692.46,0,0,1,GOLD,283,0
3480710,791808,sdv-pii-u8hoo,591,Spain,Female,27,10,1452.69,2,0,0,36164.47,0,0,3,DIAMOND,824,0
876727,9011228,sdv-pii-v3xb9,522,France,Female,58,2,121251.53,3,1,1,30610.17,1,1,4,GOLD,393,4
1103868,9787221,sdv-pii-ul6ni,612,Germany,Female,25,4,116775.13,2,1,1,39944.88,0,0,4,DIAMOND,717,0
2976685,9695403,sdv-pii-prapd,551,France,Female,30,8,138426.24,2,1,1,130266.09,0,0,4,PLATINUM,768,0
7124317,9823714,sdv-pii-v23fm,737,France,Female,47,3,129778.91,2,0,0,167750.1,1,1,2,PLATINUM,560,2
13828393,8440383,sdv-pii-fxdqt,630,Spain,Female,26,2,0.0,2,0,1,160693.78,0,0,5,SILVER,900,0
15160741,84628,sdv-pii-qn1h9,563,Germany,Male,52,3,110015.0,1,1,0,84183.08,0,0,5,DIAMOND,814,1
16311086,8662938,sdv-pii-517b6,653,France,Male,29,5,125793.39,1,1,0,45761.97,0,0,3,SILVER,566,1
9655776,4762834,sdv-pii-6wfso,675,France,Male,43,10,124958.69,2,0,0,47146.92,0,0,3,DIAMOND,288,3
5914225,13270803,sdv-pii-6ojc0,739,Germany,Female,44,1,105583.01,2,1,0,104774.93,0,0,2,PLATINUM,686,0
9920179,13633487,sdv-pii-rvjtw,568,Spain,Male,26,8,106495.73,2,1,0,104945.05,0,0,3,SILVER,894,1
11028137,750917,sdv-pii-knndv,821,Spain,Male,28,9,0.0,2,1,1,84522.99,0,0,3,GOLD,279,1
11681464,13074841,sdv-pii-d7axg,692,Spain,Female,48,2,0.0,1,1,0,68050.7,1,1,5,PLATINUM,600,2
7273179,16365926,sdv-pii-pcuc5,566,Spain,Female,36,1,0.0,2,1,0,94887.25,0,0,3,DIAMOND,307,0
1132108,7289878,sdv-pii-b0f4p,702,France,Male,30,8,0.0,2,0,0,107044.11,0,0,3,DIAMOND,410,3
8917149,16508412,sdv-pii-raret,615,France,Female,26,7,0.0,2,0,0,106959.4,0,0,4,DIAMOND,644,3
5400387,4551031,sdv-pii-xwdps,660,Germany,Male,75,5,129949.54,1,0,1,120365.89,1,1,3,PLATINUM,281,2
6454672,13446747,sdv-pii-p4aig,549,France,Female,46,9,95171.55,1,0,0,123464.62,1,1,3,GOLD,536,4
8043289,7067003,sdv-pii-0eze4,591,Spain,Male,27,2,1950.35,2,1,1,71352.63,0,0,3,DIAMOND,263,1
16192215,9730897,sdv-pii-ol2un,587,Spain,Male,46,10,81218.18,2,1,0,111009.93,0,0,2,GOLD,847,1
10018973,8861388,sdv-pii-fudin,518,Spain,Male,29,3,389.6,2,0,0,59433.13,0,0,3,DIAMOND,316,1
14824718,3835065,sdv-pii-rg3i5,543,France,Female,38,8,1118.94,2,0,0,53019.62,0,0,1,PLATINUM,769,3
15814495,6656728,sdv-pii-dr2j2,747,France,Female,32,4,0.0,2,1,1,91680.76,0,0,2,SILVER,878,0
11138322,13050904,sdv-pii-ak0ya,733,Spain,Female,27,5,0.0,2,1,1,40304.25,0,0,5,PLATINUM,291,0
11902733,10859627,sdv-pii-d1iqa,708,Spain,Female,33,6,0.0,2,1,0,171080.11,0,0,3,SILVER,322,0
12307833,3161854,sdv-pii-is5w2,584,Spain,Male,28,2,125417.35,2,1,1,71221.97,0,0,2,DIAMOND,720,1
5173115,12892273,sdv-pii-e49jm,841,France,Female,23,7,0.0,1,0,1,31276.79,1,1,2,GOLD,860,4
3334601,2898845,sdv-pii-0t5pr,547,Spain,Female,37,8,0.0,2,1,0,79521.33,0,0,5,DIAMOND,897,0
5852074,1461649,sdv-pii-muwe3,674,Germany,Female,26,6,127488.05,1,0,0,124524.27,0,0,5,DIAMOND,511,3
9954718,11831145,sdv-pii-2m1gj,554,France,Male,45,8,150371.99,4,1,0,168983.44,1,1,5,GOLD,708,2
9943989,8152760,sdv-pii-kd7u9,552,France,Female,55,8,116747.12,1,0,0,131934.11,0,0,2,PLATINUM,347,3
10947065,3495905,sdv-pii-i83ac,838,Spain,Male,28,9,131.72,2,1,0,119834.63,0,0,3,DIAMOND,681,1
3454079,3767484,sdv-pii-lqmsc,583,France,Female,46,6,124614.1,2,1,1,196235.05,1,1,2,SILVER,400,4
8888643,3673738,sdv-pii-abvdu,789,France,Male,33,8,102078.65,1,1,1,56947.3,0,0,2,SILVER,488,1
7934883,6331979,sdv-pii-jfr33,529,France,Female,55,5,77864.29,1,0,0,182037.51,0,0,3,PLATINUM,453,3
88099,4260838,sdv-pii-u1y25,548,Spain,Female,45,6,691.77,2,1,1,76436.08,0,0,1,GOLD,272,0
14410106,15855383,sdv-pii-a36ae,748,Spain,Female,22,3,0.0,2,0,1,183927.28,0,0,2,GOLD,469,0
14090768,3152550,sdv-pii-toyyu,796,France,Male,68,8,142654.11,2,0,0,1572.59,0,0,2,SILVER,683,3
1329681,4457320,sdv-pii-0rcfy,549,France,Female,63,2,129048.96,4,1,1,41016.42,1,1,4,SILVER,793,4
11451390,2061439,sdv-pii-0anvt,530,Spain,Female,29,3,556.47,2,0,1,96532.48,0,0,2,SILVER,292,0
11476781,15558080,sdv-pii-adsv4,516,Germany,Male,31,5,135183.2,1,1,0,160277.97,0,0,3,DIAMOND,585,1
8479179,5813476,sdv-pii-nl2zy,670,France,Female,28,3,0.0,1,1,0,107458.44,0,0,2,PLATINUM,899,0
7684934,13600193,sdv-pii-zqvrj,720,Germany,Male,44,2,109471.34,1,1,1,61244.4,0,0,3,PLATINUM,622,1
1026511,3753301,sdv-pii-qdqru,672,France,Female,36,1,0.0,2,0,0,91443.87,0,0,1,PLATINUM,469,3
12732227,10520316,sdv-pii-55dz3,817,Germany,Female,24,3,136815.36,2,1,1,46121.15,0,0,4,PLATINUM,765,0
1798447,13062488,sdv-pii-unj9z,704,Germany,Female,40,6,135691.81,3,1,0,71358.27,1,1,4,DIAMOND,593,4
3108389,3127602,sdv-pii-f8ctw,810,Germany,Female,44,5,112171.82,3,0,0,162947.36,1,1,5,PLATINUM,325,4
15422174,14019915,sdv-pii-b5jxj,564,Germany,Female,40,5,118049.12,2,1,1,52912.14,0,0,1,DIAMOND,350,0
14338895,10979501,sdv-pii-wbw2l,806,Spain,Male,39,3,1366.59,1,1,1,68420.5,0,0,2,PLATINUM,448,1
14294061,13736410,sdv-pii-hk4up,582,Spain,Female,38,6,0.0,2,0,0,11.58,1,1,4,PLATINUM,981,2
7315240,16191881,sdv-pii-fry0m,654,France,Male,24,3,204.52,2,1,1,136469.79,0,0,5,PLATINUM,776,1
7653986,5077131,sdv-pii-94htx,603,Germany,Female,32,3,0.0,2,0,1,139147.49,0,0,4,GOLD,819,0
109130,1021761,sdv-pii-euw2s,658,Germany,Female,22,8,126358.84,2,0,0,154233.24,0,0,3,DIAMOND,451,3
5454965,145585,sdv-pii-p2188,615,Spain,Male,31,5,806.57,2,1,0,124330.92,0,0,5,GOLD,544,1
10256091,4162539,sdv-pii-3dm2j,498,France,Male,46,8,0.0,2,0,0,19345.48,1,1,4,DIAMOND,418,2
9759484,10516559,sdv-pii-os7z4,600,Germany,Female,53,5,159587.69,3,0,1,180550.79,1,1,1,PLATINUM,464,4
5722057,2410920,sdv-pii-7y97y,593,Spain,Female,20,5,0.0,2,1,1,98979.06,0,0,4,DIAMOND,779,0
10001496,14615888,sdv-pii-7dyzb,678,Spain,Male,36,6,0.0,2,1,1,140519.45,0,0,3,SILVER,596,1
4882244,13404703,sdv-pii-22you,572,Spain,Male,39,5,92847.85,2,0,0,59171.78,0,0,3,DIAMOND,695,1
8076767,1589649,sdv-pii-ookmf,706,France,Female,55,6,102227.24,1,0,0,36572.2,0,0,3,DIAMOND,890,3
11413861,5870688,sdv-pii-u2fcf,530,France,Male,43,5,130340.1,2,1,0,108219.81,0,0,3,PLATINUM,283,1
3595995,9680565,sdv-pii-uuopu,658,Germany,Male,37,2,84464.93,2,1,0,167755.68,0,0,4,PLATINUM,365,1
