RowNumber,CustomerId,Surname,CreditScore,Geography,Gender,Age,Tenure,Balance,NumOfProducts,HasCrCard,IsActiveMember,EstimatedSalary,Exited,Complain,Satisfaction Score,Card Type,Point Earned
*,*,sd***,"[456, 818]",Germany,Female,44,8,115954.99,3,0,0,165704.39,1,1,5,PLATINUM,913
*,*,sd***,"[449, 850]",France,Female,41,6,147743.82,1,1,0,39735.76,0,0,2,PLATINUM,322
*,*,sd***,"[476, 838]",Spain,Male,28,8,0.0,2,1,0,61339.79,0,0,3,PLATINUM,457
*,*,sd***,"[476, 838]",Spain,Male,28,2,0.0,2,1,0,29905.11,0,0,1,DIAMOND,386
*,*,sd***,"[468, 850]",France,Male,30,8,0.0,2,1,1,116312.97,0,0,5,PLATINUM,254
*,*,sd***,"[516, 849]",Germany,Male,52,8,104511.97,1,1,0,181278.37,0,0,3,PLATINUM,558
*,*,sd***,"[476, 838]",Spain,Male,28,10,0.0,1,1,0,93172.41,0,0,1,PLATINUM,551
*,*,sd***,"[489, 832]",Spain,Female,40,6,142197.09,2,0,0,19229.12,0,0,4,DIAMOND,586
*,*,sd***,"[476, 838]",Spain,Male,28,8,0.0,2,1,1,74136.53,0,0,4,PLATINUM,751
*,*,sd***,"[449, 850]",France,Female,41,10,117318.7,1,0,0,183483.6,1,1,3,GOLD,554
*,*,sd***,"[449, 850]",France,Female,41,5,131289.07,3,0,0,10807.41,1,1,2,PLATINUM,523
*,*,sd***,"[516, 849]",Germany,Male,52,2,0.0,2,1,0,16887.28,0,0,1,PLATINUM,247
*,*,sd***,"[468, 850]",France,Male,30,8,0.0,1,1,1,2253.08,0,0,4,PLATINUM,576
*,*,sd***,"[489, 832]",Spain,Female,40,5,0.0,2,1,0,95996.04,0,0,3,GOLD,648
*,*,sd***,"[468, 850]",France,Male,30,8,114535.31,2,1,0,177984.54,0,0,2,DIAMOND,898
*,*,sd***,"[489, 832]",Spain,Female,40,5,159395.01,1,1,1,191113.47,0,0,3,SILVER,777
*,*,sd***,"[449, 850]",France,Female,41,8,121142.1,2,1,0,39303.62,0,1,3,DIAMOND,336
*,*,sd***,"[456, 818]",Germany,Female,44,1,126831.18,2,0,1,64645.69,0,0,3,DIAMOND,281
*,*,sd***,"[489, 832]",Spain,Female,40,3,143583.7,1,1,0,45463.18,0,0,2,PLATINUM,905
*,*,sd***,"[449, 850]",France,Female,41,8,110588.07,3,0,1,68973.31,1,1,3,DIAMOND,778
*,*,sd***,"[456, 818]",Germany,Female,44,2,125591.87,3,1,0,155167.24,1,1,5,DIAMOND,871
*,*,sd***,"[456, 818]",Germany,Female,44,9,98804.07,2,0,1,127378.43,0,0,4,PLATINUM,888
*,*,sd***,"[456, 818]",Germany,Female,44,9,152790.29,2,1,1,75908.93,0,0,3,DIAMOND,271
*,*,sd***,"[449, 850]",France,Female,41,7,0.0,2,1,1,178546.83,0,0,3,GOLD,725
*,*,sd***,"[476, 838]",Spain,Male,28,10,213.92,2,1,0,34905.57,0,0,3,DIAMOND,812
*,*,sd***,"[489, 832]",Spain,Female,40,8,126055.28,1,0,1,131232.64,0,0,1,GOLD,451
*,*,sd***,"[489, 832]",Spain,Female,40,8,132710.18,1,0,0,46195.82,1,1,1,DIAMOND,683
*,*,sd***,"[456, 818]",Germany,Female,44,10,100686.49,1,0,0,166160.7,1,1,5,DIAMOND,641
*,*,sd***,"[456, 818]",Germany,Female,44,7,131597.5,2,0,0,113987.87,0,0,3,PLATINUM,1000
*,*,sd***,"[456, 818]",Germany,Female,44,6,146527.41,2,1,1,154763.97,0,0,5,SILVER,647
*,*,sd***,"[456, 818]",Germany,Female,44,8,146876.85,1,0,0,170463.48,1,1,3,DIAMOND,714
*,*,sd***,"[468, 850]",France,Male,30,3,88310.77,2,1,1,57128.51,0,0,2,GOLD,758
*,*,sd***,"[489, 832]",Spain,Female,40,10,97563.51,1,1,0,175412.1,0,0,3,DIAMOND,877
*,*,sd***,"[456, 818]",Germany,Female,44,4,101556.69,1,1,1,186742.69,1,1,3,GOLD,675
*,*,sd***,"[449, 850]",France,Female,41,8,1101.14,2,0,0,136974.04,0,0,2,GOLD,434
*,*,sd***,"[489, 832]",Spain,Female,40,5,0.0,1,1,0,99882.68,0,0,1,PLATINUM,395
*,*,sd***,"[456, 818]",Germany,Female,44,6,64415.4,3,0,0,141372.27,1,1,4,DIAMOND,287
*,*,sd***,"[449, 850]",France,Female,41,10,0.0,2,1,0,123676.15,0,0,4,PLATINUM,590
*,*,sd***,"[449, 850]",France,Female,41,2,611.47,2,1,0,60040.58,1,0,5,SILVER,316
*,*,sd***,"[456, 818]",Germany,Female,44,8,135061.89,1,1,1,85696.61,0,0,2,DIAMOND,576
*,*,sd***,"[456, 818]",Germany,Female,44,4,955.42,2,0,1,153294.32,0,0,2,DIAMOND,789
*,*,sd***,"[516, 849]",Germany,Male,52,7,127775.5,3,0,0,171758.62,1,1,4,DIAMOND,810
*,*,sd***,"[476, 838]",Spain,Male,28,9,0.0,2,1,0,160439.57,0,0,3,PLATINUM,946
*,*,sd***,"[489, 832]",Spain,Female,40,9,0.0,2,0,1,151314.68,0,0,3,GOLD,554
*,*,sd***,"[468, 850]",France,Male,30,4,0.0,2,1,1,53581.16,0,0,5,GOLD,882
*,*,sd***,"[456, 818]",Germany,Female,44,5,109859.8,1,1,0,107661.64,0,0,5,PLATINUM,275
*,*,sd***,"[489, 832]",Spain,Female,40,9,116968.2,2,1,0,149727.12,0,0,2,DIAMOND,783
*,*,sd***,"[456, 818]",Germany,Female,44,1,125077.24,1,1,1,98832.21,0,0,3,PLATINUM,1000
*,*,sd***,"[476, 838]",Spain,Male,28,5,190.34,2,1,0,62239.61,0,0,3,GOLD,416
*,*,sd***,"[489, 832]",Spain,Female,40,3,0.0,2,1,0,46700.63,0,0,2,SILVER,528
*,*,sd***,"[468, 850]",France,Male,30,3,0.0,1,0,0,54510.43,0,0,2,DIAMOND,386
*,*,sd***,"[456, 818]",Germany,Female,44,1,107763.42,1,1,0,185925.54,0,1,3,DIAMOND,595
*,*,sd***,"[476, 838]",Spain,Male,28,8,129316.46,2,0,1,74181.0,0,0,2,PLATINUM,498
*,*,sd***,"[456, 818]",Germany,Female,44,10,153991.95,2,1,0,148221.1,0,0,2,PLATINUM,378
*,*,sd***,"[476, 838]",Spain,Male,28,5,1460.29,2,1,1,37007.09,1,1,3,DIAMOND,844
*,*,sd***,"[468, 850]",France,Male,30,9,121747.56,2,0,0,152937.98,0,0,2,SILVER,394
*,*,sd***,"[449, 850]",France,Female,41,6,133384.45,1,0,1,153349.59,0,0,5,DIAMOND,337
*,*,sd***,"[468, 850]",France,Male,30,3,511.53,1,0,0,66024.89,1,1,4,PLATINUM,482
*,*,sd***,"[456, 818]",Germany,Female,44,10,140928.38,3,0,0,80015.01,1,1,1,PLATINUM,291
*,*,sd***,"[516, 849]",Germany,Male,52,5,151567.98,2,1,1,43140.22,0,0,4,DIAMOND,785
*,*,sd***,"[476, 838]",Spain,Male,28,9,124037.18,1,1,0,64319.23,0,0,5,PLATINUM,913
*,*,sd***,"[449, 850]",France,Female,41,5,123577.39,1,0,1,43189.9,0,0,5,PLATINUM,864
*,*,sd***,"[468, 850]",France,Male,30,0,989.46,2,1,1,151854.07,0,0,3,SILVER,399
*,*,sd***,"[449, 850]",France,Female,41,8,0.0,2,1,1,45861.5,0,0,3,DIAMOND,436
*,*,sd***,"[456, 818]",Germany,Female,44,3,117209.81,1,1,0,18993.68,0,0,3,GOLD,939
*,*,sd***,"[468, 850]",France,Male,30,7,346.14,2,1,0,33907.04,0,0,5,SILVER,709
*,*,sd***,"[449, 850]",France,Female,41,5,106131.98,2,1,0,186234.22,0,0,5,GOLD,419
*,*,sd***,"[489, 832]",Spain,Female,40,5,0.0,2,1,1,123023.25,0,0,4,DIAMOND,930
*,*,sd***,"[489, 832]",Spain,Female,40,8,144413.56,1,1,0,15056.98,1,1,5,PLATINUM,869
*,*,sd***,"[476, 838]",Spain,Male,28,1,0.0,2,0,0,53407.67,0,0,2,GOLD,274
*,*,sd***,"[489, 832]",Spain,Female,40,1,0.0,2,0,1,52897.91,0,0,1,PLATINUM,484
*,*,sd***,"[456, 818]",Germany,Female,44,8,124003.96,1,0,0,130002.06,1,1,3,DIAMOND,819
*,*,sd***,"[489, 832]",Spain,Female,40,1,108030.72,1,0,1,146623.65,0,0,3,PLATINUM,333
*,*,sd***,"[476, 838]",Spain,Male,28,0,120322.82,1,0,0,59566.93,0,0,5,DIAMOND,640
*,*,sd***,"[476, 838]",Spain,Male,28,8,136680.01,1,0,1,92645.48,0,0,1,PLATINUM,300
*,*,sd***,"[456, 818]",Germany,Female,44,5,123342.33,2,0,0,138857.53,0,0,3,PLATINUM,253
*,*,sd***,"[449, 850]",France,Female,41,4,150989.62,1,1,1,156614.6,0,0,4,PLATINUM,271
*,*,sd***,"[449, 850]",France,Female,41,9,266.43,2,1,0,26157.03,0,0,5,SILVER,205
*,*,sd***,"[476, 838]",Spain,Male,28,8,158428.46,1,1,1,28133.34,0,0,4,PLATINUM,914
*,*,sd***,"[456, 818]",Germany,Female,44,3,100578.36,1,1,0,67087.75,0,0,5,DIAMOND,830
*,*,sd***,"[476, 838]",Spain,Male,28,9,0.0,2,1,0,110234.41,0,0,3,PLATINUM,524
*,*,sd***,"[468, 850]",France,Male,30,8,0.0,2,1,1,158546.68,0,0,2,SILVER,434
*,*,sd***,"[476, 838]",Spain,Male,28,5,121415.24,1,0,0,54364.86,1,1,4,PLATINUM,706
*,*,sd***,"[468, 850]",France,Male,30,8,0.0,2,0,0,77795.43,0,0,3,SILVER,438
*,*,sd***,"[489, 832]",Spain,Female,40,1,295.73,2,1,1,55778.88,0,0,3,PLATINUM,263
*,*,sd***,"[449, 850]",France,Female,41,10,119960.6,1,1,0,126597.42,1,1,5,DIAMOND,825
*,*,sd***,"[449, 850]",France,Female,41,9,538.13,2,1,1,104095.31,0,0,3,PLATINUM,327
*,*,sd***,"[489, 832]",Spain,Female,40,3,0.0,2,1,0,30767.76,0,0,4,PLATINUM,879
*,*,sd***,"[449, 850]",France,Female,41,8,0.0,4,1,0,116533.09,1,1,3,DIAMOND,756
*,*,sd***,"[456, 818]",Germany,Female,44,5,0.0,2,1,0,135008.41,0,0,2,PLATINUM,582
*,*,sd***,"[476, 838]",Spain,Male,28,5,0.0,1,0,0,54083.23,0,0,2,PLATINUM,761
*,*,sd***,"[468, 850]",France,Male,30,5,532.77,2,1,1,72478.11,0,0,2,SILVER,538
*,*,sd***,"[476, 838]",Spain,Male,28,8,114326.13,1,0,0,64990.69,0,0,5,DIAMOND,478
*,*,sd***,"[468, 850]",France,Male,30,5,0.0,2,1,0,80972.67,0,0,3,SILVER,867
*,*,sd***,"[456, 818]",Germany,Female,44,5,119749.12,1,0,0,31293.26,1,1,4,PLATINUM,713
*,*,sd***,"[456, 818]",Germany,Female,44,6,121317.99,3,1,0,165430.03,1,1,4,GOLD,974
*,*,sd***,"[449, 850]",France,Female,41,9,120073.08,2,1,1,148531.08,0,0,1,PLATINUM,284
*,*,sd***,"[468, 850]",France,Male,30,6,0.0,2,1,0,72728.91,0,0,2,SILVER,765
*,*,sd***,"[476, 838]",Spain,Male,28,5,125989.23,2,0,0,66091.14,0,0,5,PLATINUM,275
*,*,sd***,"[468, 850]",France,Male,30,5,89299.97,2,1,1,28461.96,0,1,2,GOLD,841
*,*,sd***,"[449, 850]",France,Female,41,7,0.0,1,0,1,169240.44,0,0,4,SILVER,383
*,*,sd***,"[449, 850]",France,Female,41,8,0.0,2,1,0,108192.95,0,0,4,SILVER,509
*,*,sd***,"[476, 838]",Spain,Male,28,2,133645.8,2,1,0,126310.35,1,0,3,GOLD,843
*,*,sd***,"[476, 838]",Spain,Male,28,3,1226.71,2,1,1,127694.17,0,0,2,PLATINUM,283
*,*,sd***,"[456, 818]",Germany,Female,44,8,85821.37,1,1,1,190836.88,0,0,1,DIAMOND,402
*,*,sd***,"[476, 838]",Spain,Male,28,5,1252.58,2,1,0,44997.97,0,0,4,GOLD,783
*,*,sd***,"[489, 832]",Spain,Female,40,7,0.0,2,1,0,97585.65,0,0,1,DIAMOND,880
*,*,sd***,"[489, 832]",Spain,Female,40,1,85938.69,2,1,0,71599.45,0,0,1,PLATINUM,275
*,*,sd***,"[456, 818]",Germany,Female,44,8,109290.12,1,0,0,147696.72,1,1,4,SILVER,290
*,*,sd***,"[456, 818]",Germany,Female,44,6,140963.22,2,0,1,22062.46,1,1,1,DIAMOND,293
*,*,sd***,"[489, 832]",Spain,Female,40,4,2287.95,2,1,0,11349.1,1,1,5,SILVER,833
*,*,sd***,"[456, 818]",Germany,Female,44,8,107742.57,1,1,1,181576.47,1,1,2,DIAMOND,657
*,*,sd***,"[456, 818]",Germany,Female,44,8,0.0,2,0,0,147879.02,0,0,3,DIAMOND,690
*,*,sd***,"[516, 849]",Germany,Male,52,8,133368.51,2,1,1,156938.27,0,0,1,GOLD,406
*,*,sd***,"[476, 838]",Spain,Male,28,6,0.0,2,1,1,30021.75,0,0,3,DIAMOND,540
*,*,sd***,"[476, 838]",Spain,Male,28,7,0.0,3,0,1,48909.39,1,1,3,DIAMOND,940
*,*,sd***,"[449, 850]",France,Female,41,5,159554.81,1,0,0,30946.84,1,1,5,PLATINUM,377
*,*,sd***,"[476, 838]",Spain,Male,28,6,0.0,2,0,1,94989.01,0,0,1,SILVER,897
*,*,sd***,"[456, 818]",Germany,Female,44,1,127185.7,1,0,1,76052.73,1,1,5,PLATINUM,591
*,*,sd***,"[449, 850]",France,Female,41,8,86467.78,1,0,1,61372.91,1,1,1,GOLD,633
*,*,sd***,"[489, 832]",Spain,Female,40,9,0.0,2,0,0,115604.71,0,0,5,PLATINUM,854
*,*,sd***,"[449, 850]",France,Female,41,5,85902.89,3,0,1,104879.67,1,1,3,SILVER,481
*,*,sd***,"[468, 850]",France,Male,30,2,145130.53,3,1,1,116645.59,1,1,3,PLATINUM,313
*,*,sd***,"[468, 850]",France,Male,30,9,0.0,2,0,0,37906.58,0,0,2,GOLD,879
*,*,sd***,"[476, 838]",Spain,Male,28,1,103235.13,2,1,0,95259.56,0,0,4,PLATINUM,493
*,*,sd***,"[456, 818]",Germany,Female,44,4,127256.39,1,1,1,151188.7,0,0,1,PLATINUM,641
*,*,sd***,"[449, 850]",France,Female,41,6,105527.35,1,1,0,48346.87,1,1,3,PLATINUM,673
*,*,sd***,"[489, 832]",Spain,Female,40,9,103360.54,1,0,0,148951.49,1,1,4,DIAMOND,408
*,*,sd***,"[456, 818]",Germany,Female,44,7,153284.37,2,0,0,125688.51,1,1,4,DIAMOND,282
*,*,sd***,"[468, 850]",France,Male,30,6,146151.93,2,1,1,67469.75,0,0,4,DIAMOND,413
*,*,sd***,"[476, 838]",Spain,Male,28,3,0.0,2,0,0,84520.92,0,0,1,GOLD,326
*,*,sd***,"[476, 838]",Spain,Male,28,8,148127.32,3,0,0,134104.44,1,1,1,DIAMOND,419
*,*,sd***,"[449, 850]",France,Female,41,5,116541.12,1,1,0,87913.67,1,1,4,GOLD,305
*,*,sd***,"[449, 850]",France,Female,41,8,120555.09,3,0,0,126634.52,1,1,4,PLATINUM,881
*,*,sd***,"[476, 838]",Spain,Male,28,9,120902.81,1,0,1,170091.24,0,0,2,DIAMOND,709
*,*,sd***,"[489, 832]",Spain,Female,40,6,95233.23,1,0,0,57851.0,0,0,5,DIAMOND,678
*,*,sd***,"[516, 849]",Germany,Male,52,4,125617.19,1,1,0,34654.46,1,1,2,DIAMOND,988
*,*,sd***,"[449, 850]",France,Female,41,2,0.0,2,1,1,133671.93,0,0,3,SILVER,456
*,*,sd***,"[516, 849]",Germany,Male,52,5,112508.52,1,0,0,86742.13,0,0,1,SILVER,615
*,*,sd***,"[456, 818]",Germany,Female,44,6,179885.18,3,1,0,33454.21,1,1,4,PLATINUM,980
*,*,sd***,"[456, 818]",Germany,Female,44,5,132669.27,2,0,0,127253.51,0,0,3,DIAMOND,482
*,*,sd***,"[468, 850]",France,Male,30,0,120139.79,2,1,0,110689.74,0,0,2,GOLD,316
*,*,sd***,"[468, 850]",France,Male,30,6,0.0,2,1,0,100650.8,1,1,2,SILVER,611
*,*,sd***,"[489, 832]",Spain,Female,40,6,89845.1,2,0,1,56593.59,0,0,3,GOLD,483
*,*,sd***,"[489, 832]",Spain,Female,40,1,81269.21,1,1,1,135059.3,0,0,5,GOLD,903
*,*,sd***,"[476, 838]",Spain,Male,28,4,0.0,2,1,1,48784.43,0,0,1,DIAMOND,489
*,*,sd***,"[489, 832]",Spain,Female,40,9,149915.51,3,0,1,54170.24,1,1,4,PLATINUM,946
*,*,sd***,"[449, 850]",France,Female,41,1,138741.42,1,1,1,120231.52,0,0,1,PLATINUM,221
*,*,sd***,"[489, 832]",Spain,Female,40,5,126842.26,2,1,1,164180.4,0,0,4,GOLD,312
*,*,sd***,"[468, 850]",France,Male,30,8,99352.6,1,0,0,34534.63,0,0,3,PLATINUM,565
*,*,sd***,"[468, 850]",France,Male,30,5,0.0,2,1,1,50147.62,0,0,4,GOLD,294
*,*,sd***,"[516, 849]",Germany,Male,52,5,192.24,1,0,1,145120.38,0,0,4,SILVER,891
*,*,sd***,"[456, 818]",Germany,Female,44,5,124720.82,2,0,1,60050.84,0,0,2,GOLD,766
*,*,sd***,"[476, 838]",Spain,Male,28,5,95936.18,2,1,1,99421.08,0,0,2,GOLD,991
*,*,sd***,"[468, 850]",France,Male,30,8,122640.1,2,1,1,80875.04,0,0,2,SILVER,803
*,*,sd***,"[476, 838]",Spain,Male,28,3,434.48,1,1,0,74873.63,0,0,1,PLATINUM,823
*,*,sd***,"[456, 818]",Germany,Female,44,3,105621.15,2,1,0,69613.69,0,0,1,DIAMOND,242
*,*,sd***,"[456, 818]",Germany,Female,44,5,125170.99,1,0,0,21303.54,1,1,4,DIAMOND,914
*,*,sd***,"[449, 850]",France,Female,41,7,129506.13,1,0,1,146398.5,0,0,2,DIAMOND,930
*,*,sd***,"[468, 850]",France,Male,30,5,91236.2,2,0,0,35184.0,0,0,3,DIAMOND,619
*,*,sd***,"[476, 838]",Spain,Male,28,1,990.05,2,1,0,195446.1,0,0,3,DIAMOND,486
*,*,sd***,"[449, 850]",France,Female,41,7,0.0,2,1,1,99422.61,0,0,5,DIAMOND,514
*,*,sd***,"[489, 832]",Spain,Female,40,8,0.0,2,1,0,71239.51,0,0,3,DIAMOND,853
*,*,sd***,"[489, 832]",Spain,Female,40,8,748.25,2,0,1,134941.93,0,0,4,PLATINUM,891
*,*,sd***,"[456, 818]",Germany,Female,44,7,141455.66,1,1,0,84551.77,0,0,3,DIAMOND,336
*,*,sd***,"[489, 832]",Spain,Female,40,10,114249.33,2,0,1,58163.89,1,1,2,PLATINUM,869
*,*,sd***,"[456, 818]",Germany,Female,44,8,113886.47,1,0,0,33596.37,0,0,4,DIAMOND,804
*,*,sd***,"[449, 850]",France,Female,41,6,106100.29,1,1,0,181029.19,0,0,2,PLATINUM,513
*,*,sd***,"[456, 818]",Germany,Female,44,7,140547.8,1,0,0,114408.93,1,1,4,GOLD,754
*,*,sd***,"[449, 850]",France,Female,41,3,140550.71,1,1,1,158274.64,1,1,3,PLATINUM,582
*,*,sd***,"[476, 838]",Spain,Male,28,9,0.0,2,0,0,42698.58,0,0,4,SILVER,284
*,*,sd***,"[449, 850]",France,Female,41,3,132658.87,1,0,0,90811.45,0,0,4,SILVER,613
*,*,sd***,"[516, 849]",Germany,Male,52,9,137822.0,2,1,0,170668.86,0,0,1,PLATINUM,759
*,*,sd***,"[456, 818]",Germany,Female,44,2,78061.24,2,0,0,109642.9,0,0,5,PLATINUM,913
*,*,sd***,"[489, 832]",Spain,Female,40,5,129309.47,2,1,0,49971.5,0,0,5,SILVER,234
*,*,sd***,"[476, 838]",Spain,Male,28,5,127165.89,1,0,0,70761.31,0,0,1,PLATINUM,903
*,*,sd***,"[489, 832]",Spain,Female,40,3,135050.09,1,0,0,85130.89,0,0,2,PLATINUM,383
*,*,sd***,"[468, 850]",France,Male,30,4,1477.96,2,1,0,19442.54,1,1,3,DIAMOND,615
*,*,sd***,"[456, 818]",Germany,Female,44,8,129969.88,3,0,0,54923.4,1,1,3,DIAMOND,765
*,*,sd***,"[456, 818]",Germany,Female,44,9,127119.43,3,0,0,54740.47,1,1,4,PLATINUM,643
*,*,sd***,"[468, 850]",France,Male,30,8,128229.07,1,0,0,32015.49,0,0,1,DIAMOND,665
*,*,sd***,"[489, 832]",Spain,Female,40,7,143378.54,1,0,1,67492.09,0,0,3,SILVER,509
*,*,sd***,"[449, 850]",France,Female,41,2,217.55,2,1,1,102007.39,0,0,4,PLATINUM,455
*,*,sd***,"[449, 850]",France,Female,41,7,154883.82,1,0,1,9947.71,1,1,2,SILVER,834
*,*,sd***,"[449, 850]",France,Female,41,4,119387.92,1,0,0,196472.71,0,0,4,PLATINUM,839
*,*,sd***,"[449, 850]",France,Female,41,5,134203.79,3,0,0,161020.26,1,1,4,PLATINUM,863
*,*,sd***,"[449, 850]",France,Female,41,4,138926.46,2,1,0,78803.17,0,0,1,DIAMOND,302
*,*,sd***,"[456, 818]",Germany,Female,44,5,122355.82,2,1,0,172323.34,1,1,3,PLATINUM,823
*,*,sd***,"[468, 850]",France,Male,30,6,132082.96,2,0,1,11.58,1,1,5,DIAMOND,966
*,*,sd***,"[516, 849]",Germany,Male,52,8,108526.77,1,1,0,32539.21,1,1,5,DIAMOND,884
*,*,sd***,"[456, 818]",Germany,Female,44,6,148342.81,3,1,1,59466.32,1,1,4,GOLD,297
*,*,sd***,"[456, 818]",Germany,Female,44,10,128827.79,1,1,0,26326.04,1,1,3,SILVER,421
*,*,sd***,"[489, 832]",Spain,Female,40,3,139556.27,1,0,1,145677.93,0,0,3,SILVER,420
*,*,sd***,"[449, 850]",France,Female,41,5,111117.35,4,1,0,85332.22,1,1,1,DIAMOND,644
*,*,sd***,"[449, 850]",France,Female,41,8,111174.16,2,0,0,138431.13,1,1,2,GOLD,991
*,*,sd***,"[456, 818]",Germany,Female,44,8,130902.12,2,0,1,154124.17,0,0,5,PLATINUM,949
*,*,sd***,"[468, 850]",France,Male,30,6,0.0,4,0,0,139447.76,1,1,3,SILVER,247
*,*,sd***,"[516, 849]",Germany,Male,52,8,85404.43,1,1,1,41172.84,0,0,4,GOLD,406
*,*,sd***,"[449, 850]",France,Female,41,9,99038.68,2,1,1,169308.05,1,1,4,PLATINUM,450
*,*,sd***,"[449, 850]",France,Female,41,8,0.0,2,0,0,102018.45,0,0,2,GOLD,765
*,*,sd***,"[449, 850]",France,Female,41,9,131338.78,1,1,1,52222.9,0,0,5,PLATINUM,440
*,*,sd***,"[468, 850]",France,Male,30,8,135485.58,3,0,0,66387.49,1,1,3,DIAMOND,330
*,*,sd***,"[468, 850]",France,Male,30,6,111157.15,4,1,0,103212.17,1,1,4,SILVER,844
*,*,sd***,"[516, 849]",Germany,Male,52,8,163459.55,2,0,1,34634.79,1,1,3,GOLD,364
*,*,sd***,"[489, 832]",Spain,Female,40,2,0.0,2,1,0,149058.32,0,0,4,PLATINUM,289
*,*,sd***,"[476, 838]",Spain,Male,28,1,1262.84,1,0,0,120173.27,0,0,3,DIAMOND,577
*,*,sd***,"[456, 818]",Germany,Female,44,8,126288.91,1,0,0,131467.9,0,0,1,SILVER,691
*,*,sd***,"[476, 838]",Spain,Male,28,9,0.0,2,0,1,39228.19,0,0,3,PLATINUM,571
*,*,sd***,"[449, 850]",France,Female,41,9,128598.42,4,0,0,146547.63,1,1,5,DIAMOND,953
*,*,sd***,"[468, 850]",France,Male,30,9,126983.72,2,0,1,8376.94,0,0,2,SILVER,253
*,*,sd***,"[489, 832]",Spain,Female,40,3,0.0,2,0,1,31637.27,0,0,4,SILVER,511
*,*,sd***,"[449, 850]",France,Female,41,8,0.0,2,0,1,50034.41,0,0,1,SILVER,965
*,*,sd***,"[489, 832]",Spain,Female,40,5,1105.43,1,1,1,44759.78,0,0,5,GOLD,854
*,*,sd***,"[456, 818]",Germany,Female,44,4,113475.78,1,1,1,194341.47,0,0,3,SILVER,800
*,*,sd***,"[489, 832]",Spain,Female,40,8,110970.39,2,0,0,37574.99,0,0,2,PLATINUM,417
*,*,sd***,"[516, 849]",Germany,Male,52,5,113371.17,1,1,1,67006.54,1,1,4,GOLD,456
*,*,sd***,"[489, 832]",Spain,Female,40,8,1144.06,2,1,1,95837.92,0,0,5,DIAMOND,415
*,*,sd***,"[468, 850]",France,Male,30,9,1203.59,2,1,0,37043.33,0,0,5,DIAMOND,529
*,*,sd***,"[489, 832]",Spain,Female,40,3,0.0,2,0,0,59797.61,0,0,5,SILVER,240
*,*,sd***,"[449, 850]",France,Female,41,1,0.0,1,0,0,8736.08,0,1,2,PLATINUM,646
*,*,sd***,"[489, 832]",Spain,Female,40,8,121073.37,3,1,0,132567.44,1,1,4,SILVER,828
*,*,sd***,"[456, 818]",Germany,Female,44,10,112954.45,1,0,0,37138.05,1,1,1,PLATINUM,946
*,*,sd***,"[489, 832]",Spain,Female,40,9,106981.38,2,0,0,77513.88,0,0,3,PLATINUM,647
*,*,sd***,"[516, 849]",Germany,Male,52,9,105442.88,1,1,1,17655.1,1,1,2,PLATINUM,347
*,*,sd***,"[489, 832]",Spain,Female,40,8,191.15,2,0,1,56660.81,0,0,5,DIAMOND,889
*,*,sd***,"[489, 832]",Spain,Female,40,9,95733.81,1,1,0,142119.41,0,0,5,PLATINUM,305
*,*,sd***,"[516, 849]",Germany,Male,52,1,127113.66,2,1,0,161722.84,0,0,3,GOLD,368
*,*,sd***,"[449, 850]",France,Female,41,8,100538.58,1,1,1,50398.03,1,1,3,DIAMOND,889
*,*,sd***,"[476, 838]",Spain,Male,28,1,0.0,2,1,0,76914.98,0,0,1,GOLD,292
*,*,sd***,"[489, 832]",Spain,Female,40,3,90162.67,2,0,1,130875.2,1,1,3,PLATINUM,690
*,*,sd***,"[449, 850]",France,Female,41,6,107867.52,1,0,1,67689.52,0,0,4,DIAMOND,868
*,*,sd***,"[489, 832]",Spain,Female,40,9,342.01,2,1,0,52649.04,0,0,3,DIAMOND,773
*,*,sd***,"[489, 832]",Spain,Female,40,3,0.0,2,1,0,93322.27,0,0,1,SILVER,231
*,*,sd***,"[456, 818]",Germany,Female,44,5,121916.58,2,0,0,99672.56,0,0,3,DIAMOND,259
*,*,sd***,"[456, 818]",Germany,Female,44,8,149894.7,2,0,0,157029.69,1,1,3,PLATINUM,737
*,*,sd***,"[468, 850]",France,Male,30,4,0.0,1,0,0,125086.0,0,0,5,DIAMOND,831
*,*,sd***,"[456, 818]",Germany,Female,44,1,116508.17,3,0,1,185763.01,1,1,3,SILVER,500
*,*,sd***,"[468, 850]",France,Male,30,1,122309.7,1,0,0,100050.2,1,1,4,PLATINUM,588
*,*,sd***,"[476, 838]",Spain,Male,28,5,1000.42,1,1,0,48602.04,1,1,5,PLATINUM,361
*,*,sd***,"[449, 850]",France,Female,41,2,662.22,2,0,1,113267.62,0,0,5,PLATINUM,814
*,*,sd***,"[456, 818]",Germany,Female,44,8,153606.42,4,1,0,177040.53,1,1,3,DIAMOND,453
*,*,sd***,"[516, 849]",Germany,Male,52,3,106457.19,1,0,0,40949.75,0,0,3,DIAMOND,841
*,*,sd***,"[489, 832]",Spain,Female,40,4,89509.03,1,1,0,160276.24,0,0,5,DIAMOND,559
*,*,sd***,"[489, 832]",Spain,Female,40,7,155777.93,2,0,1,113688.01,0,0,4,PLATINUM,283
*,*,sd***,"[489, 832]",Spain,Female,40,5,114785.54,2,0,0,39221.17,1,1,3,DIAMOND,647
*,*,sd***,"[456, 818]",Germany,Female,44,8,76623.97,3,1,0,6511.46,1,1,4,SILVER,355
*,*,sd***,"[476, 838]",Spain,Male,28,5,168.35,2,1,0,9424.74,0,0,5,GOLD,949
*,*,sd***,"[449, 850]",France,Female,41,5,0.0,1,0,0,102429.79,0,0,5,PLATINUM,293
*,*,sd***,"[489, 832]",Spain,Female,40,3,0.0,2,0,1,158759.67,0,0,3,PLATINUM,541
*,*,sd***,"[516, 849]",Germany,Male,52,4,118877.23,2,1,0,10840.7,0,0,3,GOLD,320
*,*,sd***,"[449, 850]",France,Female,41,2,0.0,2,1,1,102047.75,0,0,3,SILVER,748
*,*,sd***,"[449, 850]",France,Female,41,8,0.0,2,0,0,43511.17,0,0,5,PLATINUM,990
*,*,sd***,"[489, 832]",Spain,Female,40,6,308.87,2,0,1,9030.15,0,0,5,DIAMOND,290
*,*,sd***,"[456, 818]",Germany,Female,44,9,131363.77,1,0,0,51304.63,0,0,5,DIAMOND,791
*,*,sd***,"[456, 818]",Germany,Female,44,5,105668.49,3,0,0,86378.65,1,1,3,DIAMOND,554
*,*,sd***,"[489, 832]",Spain,Female,40,3,0.0,2,1,1,137626.77,0,0,2,DIAMOND,424
*,*,sd***,"[456, 818]",Germany,Female,44,7,148171.01,1,0,1,138449.73,1,1,4,PLATINUM,271
*,*,sd***,"[468, 850]",France,Male,30,4,0.0,1,1,1,94558.26,0,0,2,PLATINUM,933
*,*,sd***,"[456, 818]",Germany,Female,44,9,111662.82,1,0,0,121518.15,1,1,5,PLATINUM,377
*,*,sd***,"[476, 838]",Spain,Male,28,10,0.0,2,1,1,59601.52,0,0,3,DIAMOND,617
*,*,sd***,"[456, 818]",Germany,Female,44,8,114155.93,3,0,1,93724.73,1,1,4,SILVER,896
*,*,sd***,"[489, 832]",Spain,Female,40,8,106308.73,2,1,1,65091.77,0,1,2,DIAMOND,282
*,*,sd***,"[476, 838]",Spain,Male,28,7,680.26,2,0,0,13081.7,0,0,5,DIAMOND,490
*,*,sd***,"[476, 838]",Spain,Male,28,8,1546.13,2,1,0,112839.51,1,1,3,DIAMOND,484
*,*,sd***,"[489, 832]",Spain,Female,40,3,174047.37,1,0,1,156421.25,0,0,4,SILVER,610
*,*,sd***,"[476, 838]",Spain,Male,28,9,140829.59,2,1,0,68721.49,0,0,1,DIAMOND,988
*,*,sd***,"[468, 850]",France,Male,30,4,0.0,2,1,1,199992.48,0,0,4,SILVER,255
*,*,sd***,"[476, 838]",Spain,Male,28,5,0.0,2,1,1,62776.33,0,0,2,SILVER,370
*,*,sd***,"[476, 838]",Spain,Male,28,6,0.0,2,1,1,21562.25,0,0,3,GOLD,383
*,*,sd***,"[489, 832]",Spain,Female,40,9,0.0,1,0,1,4872.09,1,0,4,PLATINUM,960
*,*,sd***,"[476, 838]",Spain,Male,28,8,0.0,2,0,1,176827.44,0,0,4,PLATINUM,292
*,*,sd***,"[489, 832]",Spain,Female,40,10,418.47,2,0,1,171624.48,1,1,3,DIAMOND,909
*,*,sd***,"[468, 850]",France,Male,30,6,0.0,2,0,0,64861.33,0,0,2,PLATINUM,920
*,*,sd***,"[489, 832]",Spain,Female,40,9,0.0,2,1,0,87340.62,0,0,1,SILVER,249
*,*,sd***,"[476, 838]",Spain,Male,28,5,116790.3,2,0,0,61435.33,0,0,3,DIAMOND,491
*,*,sd***,"[468, 850]",France,Male,30,8,103047.8,2,1,1,87299.96,0,0,5,GOLD,607
*,*,sd***,"[476, 838]",Spain,Male,28,5,0.0,1,0,1,67713.07,0,0,2,SILVER,639
*,*,sd***,"[489, 832]",Spain,Female,40,6,0.0,3,1,0,192475.85,1,1,2,PLATINUM,817
*,*,sd***,"[476, 838]",Spain,Male,28,7,110350.84,1,1,1,147992.11,0,0,2,DIAMOND,655
*,*,sd***,"[468, 850]",France,Male,30,10,129938.69,3,1,0,42784.14,1,1,3,PLATINUM,281
*,*,sd***,"[449, 850]",France,Female,41,8,1754.55,2,1,1,195124.56,0,0,4,DIAMOND,783
*,*,sd***,"[468, 850]",France,Male,30,4,95.85,1,1,0,158024.67,0,0,1,PLATINUM,316
*,*,sd***,"[456, 818]",Germany,Female,44,5,134453.7,2,1,0,48426.52,0,0,4,PLATINUM,958
*,*,sd***,"[468, 850]",France,Male,30,5,151784.34,3,0,0,37725.74,1,1,5,PLATINUM,944
*,*,sd***,"[476, 838]",Spain,Male,28,10,115964.09,2,0,0,69152.23,0,0,3,DIAMOND,887
*,*,sd***,"[468, 850]",France,Male,30,2,163202.74,1,1,1,114627.6,0,0,2,DIAMOND,607
*,*,sd***,"[456, 818]",Germany,Female,44,3,121347.45,2,1,1,63646.91,0,0,3,PLATINUM,803
*,*,sd***,"[456, 818]",Germany,Female,44,7,91377.69,1,1,1,45716.03,1,1,3,PLATINUM,574
*,*,sd***,"[516, 849]",Germany,Male,52,5,141694.57,2,0,0,46416.13,0,0,1,PLATINUM,770
*,*,sd***,"[489, 832]",Spain,Female,40,8,115857.55,2,0,0,5232.4,0,0,1,GOLD,521
*,*,sd***,"[449, 850]",France,Female,41,7,112432.05,1,0,0,71094.36,1,1,2,DIAMOND,767
*,*,sd***,"[449, 850]",France,Female,41,10,95425.77,3,1,0,107082.13,1,1,4,DIAMOND,679
*,*,sd***,"[476, 838]",Spain,Male,28,5,567.12,2,1,0,141165.34,0,0,2,GOLD,237
*,*,sd***,"[516, 849]",Germany,Male,52,9,140340.31,2,0,1,35420.77,0,0,2,DIAMOND,458
*,*,sd***,"[476, 838]",Spain,Male,28,8,95091.94,1,0,0,63433.25,1,1,4,DIAMOND,438
*,*,sd***,"[449, 850]",France,Female,41,1,550.89,2,0,0,42877.94,0,0,5,DIAMOND,321
*,*,sd***,"[449, 850]",France,Female,41,3,127806.3,1,1,0,112259.16,1,1,3,SILVER,866
*,*,sd***,"[468, 850]",France,Male,30,5,0.0,2,0,1,36189.92,0,0,2,PLATINUM,601
*,*,sd***,"[468, 850]",France,Male,30,3,1095.49,2,1,0,9171.41,0,0,4,DIAMOND,837
*,*,sd***,"[489, 832]",Spain,Female,40,6,0.0,2,1,0,83247.59,0,0,3,PLATINUM,826
*,*,sd***,"[489, 832]",Spain,Female,40,3,1053.62,1,1,1,120864.8,0,0,5,PLATINUM,530
*,*,sd***,"[449, 850]",France,Female,41,9,141.04,2,1,1,50020.19,0,0,5,PLATINUM,855
*,*,sd***,"[476, 838]",Spain,Male,28,5,68168.17,1,0,0,86438.59,1,1,4,PLATINUM,276
*,*,sd***,"[468, 850]",France,Male,30,6,796.05,2,1,1,53829.0,0,0,2,SILVER,360
*,*,sd***,"[449, 850]",France,Female,41,5,194.76,2,0,1,64986.38,0,0,4,PLATINUM,895
*,*,sd***,"[489, 832]",Spain,Female,40,9,110897.56,2,0,0,55341.3,0,0,3,DIAMOND,398
*,*,sd***,"[476, 838]",Spain,Male,28,4,105716.47,2,1,0,15626.14,1,0,2,GOLD,287
*,*,sd***,"[476, 838]",Spain,Male,28,6,819.59,2,0,1,96427.37,1,0,3,PLATINUM,313
*,*,sd***,"[489, 832]",Spain,Female,40,4,124370.16,1,0,0,22422.05,0,0,1,SILVER,762
*,*,sd***,"[449, 850]",France,Female,41,3,108053.71,1,1,0,47721.26,1,0,3,PLATINUM,304
*,*,sd***,"[456, 818]",Germany,Female,44,2,148899.47,1,0,0,149953.22,0,0,3,DIAMOND,360
*,*,sd***,"[456, 818]",Germany,Female,44,1,120531.86,1,1,1,41205.21,0,1,2,DIAMOND,742
*,*,sd***,"[449, 850]",France,Female,41,7,110403.06,1,0,0,185182.85,0,0,3,PLATINUM,362
*,*,sd***,"[456, 818]",Germany,Female,44,3,126821.88,2,1,0,40646.29,0,0,2,PLATINUM,865
*,*,sd***,"[476, 838]",Spain,Male,28,9,122760.65,1,1,0,131563.83,0,0,2,GOLD,719
*,*,sd***,"[489, 832]",Spain,Female,40,5,703.51,3,1,0,17908.41,1,1,3,PLATINUM,603
*,*,sd***,"[468, 850]",France,Male,30,8,126.86,2,0,1,142534.7,0,0,4,PLATINUM,328
*,*,sd***,"[489, 832]",Spain,Female,40,1,472.82,2,0,0,73125.19,0,0,4,DIAMOND,389
*,*,sd***,"[449, 850]",France,Female,41,5,131263.98,2,1,1,115250.26,0,0,3,PLATINUM,453
*,*,sd***,"[468, 850]",France,Male,30,6,77347.31,2,1,0,50957.81,0,0,4,PLATINUM,396
*,*,sd***,"[468, 850]",France,Male,30,5,114308.46,2,1,1,107672.2,1,1,2,PLATINUM,870
*,*,sd***,"[468, 850]",France,Male,30,10,902.17,1,0,1,93614.49,0,1,2,PLATINUM,617
*,*,sd***,"[489, 832]",Spain,Female,40,10,0.0,2,0,1,66204.16,0,0,3,DIAMOND,425
*,*,sd***,"[476, 838]",Spain,Male,28,9,115863.29,2,1,1,129118.98,0,0,5,GOLD,900
*,*,sd***,"[468, 850]",France,Male,30,10,113825.78,2,1,0,38693.49,0,0,3,PLATINUM,844
*,*,sd***,"[476, 838]",Spain,Male,28,6,0.0,2,1,0,70615.37,0,0,2,SILVER,757
*,*,sd***,"[468, 850]",France,Male,30,2,1320.31,4,0,0,72982.07,1,1,4,DIAMOND,409
*,*,sd***,"[489, 832]",Spain,Female,40,9,143510.62,3,0,1,126674.17,1,1,1,DIAMOND,302
*,*,sd***,"[449, 850]",France,Female,41,1,385.62,2,0,1,194634.25,0,0,3,PLATINUM,852
*,*,sd***,"[489, 832]",Spain,Female,40,8,1031.18,2,1,0,185601.33,0,0,3,DIAMOND,503
*,*,sd***,"[456, 818]",Germany,Female,44,6,109467.63,4,0,0,123386.25,1,1,3,DIAMOND,715
*,*,sd***,"[456, 818]",Germany,Female,44,8,119595.75,1,1,0,83463.63,0,0,4,GOLD,845
*,*,sd***,"[456, 818]",Germany,Female,44,5,105242.46,2,1,1,50789.74,0,0,3,SILVER,365
*,*,sd***,"[476, 838]",Spain,Male,28,8,557.07,2,1,1,122581.59,0,0,2,DIAMOND,521
*,*,sd***,"[489, 832]",Spain,Female,40,3,0.0,2,0,1,193720.19,0,0,2,PLATINUM,713
*,*,sd***,"[449, 850]",France,Female,41,7,142032.15,1,0,0,21998.58,1,1,4,DIAMOND,823
*,*,sd***,"[449, 850]",France,Female,41,0,0.0,2,1,0,11234.44,0,0,5,DIAMOND,615
*,*,sd***,"[449, 850]",France,Female,41,9,0.0,2,0,1,60990.08,0,0,4,GOLD,618
*,*,sd***,"[516, 849]",Germany,Male,52,5,0.0,2,0,0,39793.01,0,0,2,DIAMOND,861
*,*,sd***,"[476, 838]",Spain,Male,28,5,162.66,2,1,0,154037.96,0,0,4,DIAMOND,267
*,*,sd***,"[468, 850]",France,Male,30,3,82606.11,3,0,0,172670.71,1,1,3,PLATINUM,507
*,*,sd***,"[489, 832]",Spain,Female,40,1,99992.39,2,0,0,67404.13,0,0,5,PLATINUM,858
*,*,sd***,"[516, 849]",Germany,Male,52,8,147580.36,3,0,1,14162.22,1,1,2,DIAMOND,914
*,*,sd***,"[468, 850]",France,Male,30,6,137813.88,1,1,0,62049.63,0,1,2,DIAMOND,611
*,*,sd***,"[489, 832]",Spain,Female,40,9,131289.37,4,1,0,73873.47,1,1,3,DIAMOND,929
*,*,sd***,"[468, 850]",France,Male,30,5,0.0,2,0,0,20778.54,0,0,3,PLATINUM,796
*,*,sd***,"[489, 832]",Spain,Female,40,6,103.84,1,1,1,12028.9,0,0,3,SILVER,310
*,*,sd***,"[449, 850]",France,Female,41,5,0.0,2,1,1,108845.77,0,0,2,GOLD,970
*,*,sd***,"[468, 850]",France,Male,30,10,0.0,2,0,0,100817.02,0,0,3,PLATINUM,885
*,*,sd***,"[476, 838]",Spain,Male,28,5,125083.98,2,0,1,56820.33,0,0,3,DIAMOND,451
*,*,sd***,"[476, 838]",Spain,Male,28,5,0.0,2,0,0,49113.69,0,0,4,PLATINUM,447
*,*,sd***,"[449, 850]",France,Female,41,2,131138.8,3,1,0,11.58,1,1,2,PLATINUM,811
*,*,sd***,"[449, 850]",France,Female,41,6,133194.04,1,1,1,66443.54,0,0,5,GOLD,895
*,*,sd***,"[476, 838]",Spain,Male,28,2,147464.06,2,1,0,42606.29,0,0,3,PLATINUM,802
*,*,sd***,"[476, 838]",Spain,Male,28,9,0.0,2,1,1,72814.27,0,0,3,PLATINUM,253
*,*,sd***,"[476, 838]",Spain,Male,28,8,0.0,2,1,1,57485.58,0,0,5,DIAMOND,937
*,*,sd***,"[449, 850]",France,Female,41,9,0.0,2,1,1,187777.0,0,0,4,PLATINUM,863
*,*,sd***,"[449, 850]",France,Female,41,9,117191.82,1,1,0,37275.78,1,1,3,DIAMOND,884
*,*,sd***,"[468, 850]",France,Male,30,5,109909.95,4,1,0,54310.1,1,1,2,GOLD,914
*,*,sd***,"[449, 850]",France,Female,41,6,0.0,2,0,1,136508.65,0,0,3,PLATINUM,984
*,*,sd***,"[468, 850]",France,Male,30,10,122778.04,2,0,0,10282.69,0,1,3,PLATINUM,296
*,*,sd***,"[456, 818]",Germany,Female,44,8,129616.47,1,0,1,118695.1,1,1,3,PLATINUM,938
*,*,sd***,"[489, 832]",Spain,Female,40,7,131517.25,1,0,1,185543.57,0,0,4,PLATINUM,309
*,*,sd***,"[449, 850]",France,Female,41,3,0.0,2,0,1,162638.63,0,0,3,DIAMOND,458
*,*,sd***,"[516, 849]",Germany,Male,52,8,126593.49,1,0,1,17669.58,1,1,4,DIAMOND,271
*,*,sd***,"[476, 838]",Spain,Male,28,9,0.0,2,1,1,106242.02,0,0,5,GOLD,737
*,*,sd***,"[468, 850]",France,Male,30,9,0.0,2,1,1,193520.51,0,0,1,PLATINUM,758
*,*,sd***,"[456, 818]",Germany,Female,44,9,115498.93,3,0,0,160189.77,1,1,1,GOLD,263
*,*,sd***,"[489, 832]",Spain,Female,40,5,134061.26,1,0,1,99653.63,1,1,3,DIAMOND,335
*,*,sd***,"[449, 850]",France,Female,41,5,122400.23,2,0,1,48894.63,0,0,3,DIAMOND,570
*,*,sd***,"[456, 818]",Germany,Female,44,3,67841.38,1,0,0,45560.89,1,1,4,DIAMOND,816
*,*,sd***,"[476, 838]",Spain,Male,28,1,122788.62,1,1,0,70871.9,0,0,4,DIAMOND,417
*,*,sd***,"[449, 850]",France,Female,41,3,94677.96,1,0,0,153542.7,0,0,5,PLATINUM,437
*,*,sd***,"[449, 850]",France,Female,41,9,0.0,3,1,0,44807.59,0,0,3,PLATINUM,587
*,*,sd***,"[449, 850]",France,Female,41,8,109556.21,1,0,0,131908.38,1,1,2,GOLD,484
*,*,sd***,"[468, 850]",France,Male,30,3,0.0,2,1,1,102437.13,0,0,3,SILVER,609
*,*,sd***,"[449, 850]",France,Female,41,8,0.0,2,1,0,13059.52,0,0,3,SILVER,445
*,*,sd***,"[476, 838]",Spain,Male,28,5,113774.85,1,1,1,33180.51,0,0,2,DIAMOND,583
*,*,sd***,"[476, 838]",Spain,Male,28,8,0.0,2,0,0,87968.83,0,0,1,PLATINUM,919
*,*,sd***,"[476, 838]",Spain,Male,28,5,75714.09,2,1,0,168969.88,0,0,3,GOLD,938
*,*,sd***,"[516, 849]",Germany,Male,52,1,146155.77,2,1,1,63587.7,0,0,1,DIAMOND,320
*,*,sd***,"[456, 818]",Germany,Female,44,5,143592.94,1,0,0,99613.64,0,0,2,DIAMOND,310
*,*,sd***,"[489, 832]",Spain,Female,40,5,111569.94,2,0,0,55685.71,1,1,2,DIAMOND,789
*,*,sd***,"[456, 818]",Germany,Female,44,10,466.86,2,1,1,134267.83,0,0,3,GOLD,676
*,*,sd***,"[456, 818]",Germany,Female,44,3,116140.78,2,0,0,60524.48,0,0,3,DIAMOND,618
*,*,sd***,"[449, 850]",France,Female,41,1,125597.42,2,1,1,113116.4,1,1,3,SILVER,618
*,*,sd***,"[468, 850]",France,Male,30,8,0.0,1,1,0,23484.23,0,0,2,PLATINUM,814
*,*,sd***,"[468, 850]",France,Male,30,2,799.9,4,1,0,100981.24,1,1,3,PLATINUM,320
*,*,sd***,"[456, 818]",Germany,Female,44,9,142940.04,1,0,0,88001.34,0,0,5,DIAMOND,966
*,*,sd***,"[476, 838]",Spain,Male,28,6,153103.73,3,0,0,43778.6,1,1,4,PLATINUM,446
*,*,sd***,"[456, 818]",Germany,Female,44,8,98414.63,1,0,1,45319.21,1,1,5,PLATINUM,628
*,*,sd***,"[468, 850]",France,Male,30,5,119590.92,2,1,1,130477.94,0,0,2,GOLD,369
*,*,sd***,"[489, 832]",Spain,Female,40,9,0.0,2,1,1,88678.29,0,0,3,SILVER,476
*,*,sd***,"[456, 818]",Germany,Female,44,9,116847.18,1,1,0,164004.96,0,0,4,DIAMOND,635
*,*,sd***,"[468, 850]",France,Male,30,7,102379.24,1,0,1,24947.57,0,0,4,PLATINUM,559
*,*,sd***,"[476, 838]",Spain,Male,28,6,108982.19,2,1,0,165349.21,0,0,1,PLATINUM,687
*,*,sd***,"[456, 818]",Germany,Female,44,2,125368.33,2,1,1,100129.75,0,0,1,PLATINUM,815
*,*,sd***,"[468, 850]",France,Male,30,5,1180.73,2,0,0,157923.59,0,0,4,GOLD,637
*,*,sd***,"[449, 850]",France,Female,41,9,160794.51,1,0,1,46511.44,1,1,2,DIAMOND,592
*,*,sd***,"[489, 832]",Spain,Female,40,4,107015.4,2,1,1,141213.95,0,0,4,DIAMOND,366
*,*,sd***,"[449, 850]",France,Female,41,5,145441.26,2,0,1,19320.33,0,0,2,SILVER,857
*,*,sd***,"[456, 818]",Germany,Female,44,3,140944.88,1,1,1,136227.06,0,0,3,SILVER,754
*,*,sd***,"[468, 850]",France,Male,30,8,121745.95,1,0,0,110402.99,1,1,4,DIAMOND,553
*,*,sd***,"[516, 849]",Germany,Male,52,2,135305.56,4,0,1,149639.25,1,1,2,PLATINUM,302
*,*,sd***,"[468, 850]",France,Male,30,7,108236.85,2,1,1,48730.28,0,0,2,PLATINUM,840
*,*,sd***,"[456, 818]",Germany,Female,44,4,0.0,2,1,0,160098.3,0,0,2,GOLD,383
*,*,sd***,"[468, 850]",France,Male,30,5,0.0,2,1,1,197353.92,0,0,5,SILVER,224
*,*,sd***,"[456, 818]",Germany,Female,44,0,0.0,2,1,0,45169.14,0,0,5,PLATINUM,584
*,*,sd***,"[456, 818]",Germany,Female,44,3,120895.39,1,0,1,19586.66,1,1,5,SILVER,960
*,*,sd***,"[456, 818]",Germany,Female,44,8,133662.56,1,1,0,189805.27,1,1,3,DIAMOND,408
*,*,sd***,"[516, 849]",Germany,Male,52,7,108456.0,1,1,1,99475.56,0,0,3,GOLD,730
*,*,sd***,"[476, 838]",Spain,Male,28,2,68795.81,2,1,0,20467.33,0,0,5,GOLD,456
*,*,sd***,"[456, 818]",Germany,Female,44,5,95781.85,1,1,0,45284.41,1,1,5,PLATINUM,637
*,*,sd***,"[449, 850]",France,Female,41,4,141082.82,1,1,1,89930.63,1,1,2,PLATINUM,902
*,*,sd***,"[516, 849]",Germany,Male,52,1,126610.76,1,0,0,42520.02,0,0,1,DIAMOND,822
*,*,sd***,"[449, 850]",France,Female,41,6,121531.74,1,1,1,104102.33,0,0,3,DIAMOND,759
*,*,sd***,"[468, 850]",France,Male,30,8,0.0,2,0,0,143275.46,0,0,3,SILVER,393
*,*,sd***,"[476, 838]",Spain,Male,28,7,131099.34,2,0,0,117666.51,0,0,3,DIAMOND,672
*,*,sd***,"[449, 850]",France,Female,41,5,109237.07,1,1,0,120954.1,1,1,4,PLATINUM,694
*,*,sd***,"[476, 838]",Spain,Male,28,7,0.0,1,0,1,38064.97,0,0,2,PLATINUM,912
*,*,sd***,"[476, 838]",Spain,Male,28,9,93194.79,1,1,1,120135.39,0,0,3,GOLD,831
*,*,sd***,"[516, 849]",Germany,Male,52,4,112314.71,1,1,0,67262.65,0,0,4,PLATINUM,348
*,*,sd***,"[456, 818]",Germany,Female,44,8,121603.9,2,1,1,90327.18,0,0,1,GOLD,856
*,*,sd***,"[468, 850]",France,Male,30,2,108546.12,2,1,0,93334.44,0,0,4,GOLD,329
*,*,sd***,"[489, 832]",Spain,Female,40,3,139167.18,2,0,1,124791.03,0,0,2,DIAMOND,838
*,*,sd***,"[476, 838]",Spain,Male,28,7,132824.48,2,0,1,192858.65,0,0,5,PLATINUM,499
*,*,sd***,"[516, 849]",Germany,Male,52,6,121483.58,2,1,1,138615.7,1,1,4,DIAMOND,271
*,*,sd***,"[456, 818]",Germany,Female,44,5,129851.07,4,1,0,193732.18,1,1,1,PLATINUM,473
*,*,sd***,"[449, 850]",France,Female,41,0,135475.11,1,0,0,48241.59,1,1,3,DIAMOND,609
*,*,sd***,"[449, 850]",France,Female,41,3,76524.08,1,1,0,6892.25,0,0,1,PLATINUM,286
*,*,sd***,"[468, 850]",France,Male,30,9,0.0,1,1,1,71993.92,0,0,3,PLATINUM,251
*,*,sd***,"[449, 850]",France,Female,41,1,741.2,1,0,0,142334.73,0,0,5,SILVER,446
*,*,sd***,"[449, 850]",France,Female,41,8,0.0,2,1,0,59233.39,0,0,2,PLATINUM,874
*,*,sd***,"[468, 850]",France,Male,30,9,112032.62,1,0,0,65008.53,1,1,2,SILVER,693
*,*,sd***,"[456, 818]",Germany,Female,44,8,128316.39,2,1,0,129723.52,1,1,4,PLATINUM,549
*,*,sd***,"[476, 838]",Spain,Male,28,3,870.42,2,0,0,6440.74,0,0,5,SILVER,278
*,*,sd***,"[456, 818]",Germany,Female,44,8,97181.33,1,1,1,53877.19,1,1,2,PLATINUM,797
*,*,sd***,"[456, 818]",Germany,Female,44,5,61431.5,1,1,1,132692.46,0,0,1,GOLD,283
*,*,sd***,"[489, 832]",Spain,Female,40,10,1452.69,2,0,0,36164.47,0,0,3,DIAMOND,824
*,*,sd***,"[449, 850]",France,Female,41,2,121251.53,3,1,1,30610.17,1,1,4,GOLD,393
*,*,sd***,"[456, 818]",Germany,Female,44,4,116775.13,2,1,1,39944.88,0,0,4,DIAMOND,717
*,*,sd***,"[449, 850]",France,Female,41,8,138426.24,2,1,1,130266.09,0,0,4,PLATINUM,768
*,*,sd***,"[449, 850]",France,Female,41,3,129778.91,2,0,0,167750.1,1,1,2,PLATINUM,560
*,*,sd***,"[489, 832]",Spain,Female,40,2,0.0,2,0,1,160693.78,0,0,5,SILVER,900
*,*,sd***,"[516, 849]",Germany,Male,52,3,110015.0,1,1,0,84183.08,0,0,5,DIAMOND,814
*,*,sd***,"[468, 850]",France,Male,30,5,125793.39,1,1,0,45761.97,0,0,3,SILVER,566
*,*,sd***,"[468, 850]",France,Male,30,10,124958.69,2,0,0,47146.92,0,0,3,DIAMOND,288
*,*,sd***,"[456, 818]",Germany,Female,44,1,105583.01,2,1,0,104774.93,0,0,2,PLATINUM,686
*,*,sd***,"[476, 838]",Spain,Male,28,8,106495.73,2,1,0,104945.05,0,0,3,SILVER,894
*,*,sd***,"[476, 838]",Spain,Male,28,9,0.0,2,1,1,84522.99,0,0,3,GOLD,279
*,*,sd***,"[489, 832]",Spain,Female,40,2,0.0,1,1,0,68050.7,1,1,5,PLATINUM,600
*,*,sd***,"[489, 832]",Spain,Female,40,1,0.0,2,1,0,94887.25,0,0,3,DIAMOND,307
*,*,sd***,"[468, 850]",France,Male,30,8,0.0,2,0,0,107044.11,0,0,3,DIAMOND,410
*,*,sd***,"[449, 850]",France,Female,41,7,0.0,2,0,0,106959.4,0,0,4,DIAMOND,644
*,*,sd***,"[516, 849]",Germany,Male,52,5,129949.54,1,0,1,120365.89,1,1,3,PLATINUM,281
*,*,sd***,"[449, 850]",France,Female,41,9,95171.55,1,0,0,123464.62,1,1,3,GOLD,536
*,*,sd***,"[476, 838]",Spain,Male,28,2,1950.35,2,1,1,71352.63,0,0,3,DIAMOND,263
*,*,sd***,"[476, 838]",Spain,Male,28,10,81218.18,2,1,0,111009.93,0,0,2,GOLD,847
*,*,sd***,"[476, 838]",Spain,Male,28,3,389.6,2,0,0,59433.13,0,0,3,DIAMOND,316
*,*,sd***,"[449, 850]",France,Female,41,8,1118.94,2,0,0,53019.62,0,0,1,PLATINUM,769
*,*,sd***,"[449, 850]",France,Female,41,4,0.0,2,1,1,91680.76,0,0,2,SILVER,878
*,*,sd***,"[489, 832]",Spain,Female,40,5,0.0,2,1,1,40304.25,0,0,5,PLATINUM,291
*,*,sd***,"[489, 832]",Spain,Female,40,6,0.0,2,1,0,171080.11,0,0,3,SILVER,322
*,*,sd***,"[476, 838]",Spain,Male,28,2,125417.35,2,1,1,71221.97,0,0,2,DIAMOND,720
*,*,sd***,"[449, 850]",France,Female,41,7,0.0,1,0,1,31276.79,1,1,2,GOLD,860
*,*,sd***,"[489, 832]",Spain,Female,40,8,0.0,2,1,0,79521.33,0,0,5,DIAMOND,897
*,*,sd***,"[456, 818]",Germany,Female,44,6,127488.05,1,0,0,124524.27,0,0,5,DIAMOND,511
*,*,sd***,"[468, 850]",France,Male,30,8,150371.99,4,1,0,168983.44,1,1,5,GOLD,708
*,*,sd***,"[449, 850]",France,Female,41,8,116747.12,1,0,0,131934.11,0,0,2,PLATINUM,347
*,*,sd***,"[476, 838]",Spain,Male,28,9,131.72,2,1,0,119834.63,0,0,3,DIAMOND,681
*,*,sd***,"[449, 850]",France,Female,41,6,124614.1,2,1,1,196235.05,1,1,2,SILVER,400
*,*,sd***,"[468, 850]",France,Male,30,8,102078.65,1,1,1,56947.3,0,0,2,SILVER,488
*,*,sd***,"[449, 850]",France,Female,41,5,77864.29,1,0,0,182037.51,0,0,3,PLATINUM,453
*,*,sd***,"[489, 832]",Spain,Female,40,6,691.77,2,1,1,76436.08,0,0,1,GOLD,272
*,*,sd***,"[489, 832]",Spain,Female,40,3,0.0,2,0,1,183927.28,0,0,2,GOLD,469
*,*,sd***,"[468, 850]",France,Male,30,8,142654.11,2,0,0,1572.59,0,0,2,SILVER,683
*,*,sd***,"[449, 850]",France,Female,41,2,129048.96,4,1,1,41016.42,1,1,4,SILVER,793
*,*,sd***,"[489, 832]",Spain,Female,40,3,556.47,2,0,1,96532.48,0,0,2,SILVER,292
*,*,sd***,"[516, 849]",Germany,Male,52,5,135183.2,1,1,0,160277.97,0,0,3,DIAMOND,585
*,*,sd***,"[449, 850]",France,Female,41,3,0.0,1,1,0,107458.44,0,0,2,PLATINUM,899
*,*,sd***,"[516, 849]",Germany,Male,52,2,109471.34,1,1,1,61244.4,0,0,3,PLATINUM,622
*,*,sd***,"[449, 850]",France,Female,41,1,0.0,2,0,0,91443.87,0,0,1,PLATINUM,469
*,*,sd***,"[456, 818]",Germany,Female,44,3,136815.36,2,1,1,46121.15,0,0,4,PLATINUM,765
*,*,sd***,"[456, 818]",Germany,Female,44,6,135691.81,3,1,0,71358.27,1,1,4,DIAMOND,593
*,*,sd***,"[456, 818]",Germany,Female,44,5,112171.82,3,0,0,162947.36,1,1,5,PLATINUM,325
*,*,sd***,"[456, 818]",Germany,Female,44,5,118049.12,2,1,1,52912.14,0,0,1,DIAMOND,350
*,*,sd***,"[476, 838]",Spain,Male,28,3,1366.59,1,1,1,68420.5,0,0,2,PLATINUM,448
*,*,sd***,"[489, 832]",Spain,Female,40,6,0.0,2,0,0,11.58,1,1,4,PLATINUM,981
*,*,sd***,"[468, 850]",France,Male,30,3,204.52,2,1,1,136469.79,0,0,5,PLATINUM,776
*,*,sd***,"[456, 818]",Germany,Female,44,3,0.0,2,0,1,139147.49,0,0,4,GOLD,819
*,*,sd***,"[456, 818]",Germany,Female,44,8,126358.84,2,0,0,154233.24,0,0,3,DIAMOND,451
*,*,sd***,"[476, 838]",Spain,Male,28,5,806.57,2,1,0,124330.92,0,0,5,GOLD,544
*,*,sd***,"[468, 850]",France,Male,30,8,0.0,2,0,0,19345.48,1,1,4,DIAMOND,418
*,*,sd***,"[456, 818]",Germany,Female,44,5,159587.69,3,0,1,180550.79,1,1,1,PLATINUM,464
*,*,sd***,"[489, 832]",Spain,Female,40,5,0.0,2,1,1,98979.06,0,0,4,DIAMOND,779
*,*,sd***,"[476, 838]",Spain,Male,28,6,0.0,2,1,1,140519.45,0,0,3,SILVER,596
*,*,sd***,"[476, 838]",Spain,Male,28,5,92847.85,2,0,0,59171.78,0,0,3,DIAMOND,695
*,*,sd***,"[449, 850]",France,Female,41,6,102227.24,1,0,0,36572.2,0,0,3,DIAMOND,890
*,*,sd***,"[468, 850]",France,Male,30,5,130340.1,2,1,0,108219.81,0,0,3,PLATINUM,283
*,*,sd***,"[516, 849]",Germany,Male,52,2,84464.93,2,1,0,167755.68,0,0,4,PLATINUM,365
